DATE,TIME,SITE,Point 2 evaluation,POINT,LON,LAT,UTM ZONE,UTM LONGITUDE,UTM LATITUDE,ELEVATION,POSITION ERROR [m],NOTE,PRESSURE (Hpa),AIR TEMPERATURE (Â°C),AIR RELATIVE HUMIDITY (%),ACCUMULATION CHAMBER,ACK,0:CH4_LLIMIT [sec],0:CH4_RLIMIT [sec],0:CH4_LCONC [ppm],0:CH4_RCONC [ppm],0:CH4_SLOPE [ppm/s],0:CH4_SLOPE_ABS_ERR [ppm/s],CH4_FLUX,CH4_R2,1:H2S_LLIMIT [sec],1:H2S_RLIMIT [sec],H2S_LCONC,H2S_RCONC,H2S_SLOPE,1:H2S_SLOPE_ABS_ERR [ppm/s],H2S_FLUX,H2S_R2,2:CO2_LLIMIT [sec],2:CO2_RLIMIT [sec],2:CO2_LCONC [ppm],2:CO2_RCONC [ppm],2:CO2_SLOPE [ppm/s],2:CO2_SLOPE_ABS_ERR [ppm/s],CO2_FLUX,CO2_R2,H2S_FLUX_g,H2S_FLUX_kgm2s
2023-01-01,07:57:44,domes,1,1,36.26916,-0.924559,-37,196049.359375,9897691,1975.4,3.2,none,811.9,32.0,43.8,B,0.5,33.0,63.0,0.8,0.9,0.004677,0.0005675,0.002339,0.701,22.0,52.0,0.384,0.402,0.0007609,4.993e-05,0.0003804,0.889,48,78,293.5,293.4,0.03291,0.01111,0.01646,0.232,0.012964031999999999,1.5004666666666664e-10
2023-01-02,08:01:19,domes,2,2,36.269134,-0.924574,-37,196046.46875,9897690,1976.3,3.2,none,811.9,33.6,47.9,B,0.5,2.0,35.0,1.0,1.1,0.001467,0.000719,0.0007334,0.115,0.0,30.0,0.531,0.552,0.000675,2.449e-05,0.0003375,0.963,4,34,318.9,342.1,0.7517,0.01548,0.3758,0.988,0.011502,1.33125e-10
2023-01-03,08:37:12,domes,3,3,36.2718,-0.924399,-37,196343.40625,9897709,1976.8,3.2,none,811.8,34.6,34.6,B,0.5,26.0,58.0,0.5,0.7,0.004078,0.001571,0.002039,0.178,24.0,54.0,0.23,0.335,0.003883,8.777e-05,0.001942,0.985,66,96,313.3,323.9,0.3746,0.009776,0.1873,0.981,0.06618336,7.660111111111111e-10
2023-01-04,08:50:43,domes,4,4,36.273593,-0.924567,-37,196543.140625,9897691,1969.1,3.2,none,812.5,33.2,43.7,B,0.5,58.0,93.0,0.8,0.9,0.002124,0.0007393,0.001062,0.195,11.0,41.0,0.012,0.331,0.0122,0.0002509,0.006102,0.988,12,46,395.1,442.0,1.329,0.02019,0.6643,0.992,0.20795615999999997,2.4068999999999996e-09
2023-01-05,09:18:52,domes,5,5,36.271764,-0.933632,-37,196340.1875,9896688,1950.7,3.2,none,814.2,32.6,34.4,B,0.5,18.0,67.0,0.7,0.8,0.002305,0.0003597,0.001152,0.461,18.0,48.0,0.027,0.23,0.007229,8.954e-05,0.003614,0.996,51,81,285.5,352.7,2.358,0.02428,1.179,0.997,0.12316511999999999,1.425522222222222e-09
2023-01-06,09:38:47,domes,6,6,36.269311,-0.933536,-37,196066.953125,9896698,1952.1,3.2,none,814.1,32.6,34.4,B,0.5,30.0,60.0,0.5,0.7,0.005242,0.001177,0.002621,0.406,16.0,46.0,-0.037,0.148,0.007103,0.0001292,0.003551,0.99,56,86,307.1,389.7,2.819,0.02911,1.409,0.997,0.12101807999999999,1.4006722222222222e-09
2023-01-07,10:04:26,domes,7,7,36.274061,-0.933119,-37,196596.0,9896745,1929.3,3.2,none,816.1,36.0,40.1,B,0.5,51.0,84.0,0.3,0.4,0.002781,0.0007532,0.00139,0.299,17.0,47.0,-0.048,0.156,0.007567,0.0001516,0.003783,0.988,12,42,408.5,432.3,0.8126,0.01631,0.4063,0.988,0.12892463999999998,1.492183333333333e-09
2023-01-08,10:27:33,domes,8,8,36.276493,-0.933107,-37,196866.890625,9896746,1915.5,3.2,none,817.4,20.0,0.0,B,0.5654,57.0,87.0,0.7,0.8,0.001935,0.000596,0.001094,0.267,7.0,37.0,0.081,0.461,0.01438,0.0002671,0.008133,0.99,11,41,428.5,477.0,1.655,0.01601,0.9355,0.997,0.27717263999999997,3.208016666666666e-09
2023-01-09,10:42:00,domes,9,9,36.278178,-0.933136,-37,197054.578125,9896743,1948.1,3.2,none,814.4,20.0,0.0,B,0.5634,0.0,30.0,0.0,0.3,0.005484,0.001361,0.003089,0.359,22.0,52.0,-0.289,0.031,0.01155,0.000174,0.006509,0.993,11,41,325.3,381.4,1.983,0.02719,1.117,0.995,0.22182671999999998,2.5674388888888886e-09
2023-01-10,07:16:09,domes,10,10,36.285372,-0.924437,-37,197855.15625,9897706,2108.9,3.2,none,799.9,20.0,0.0,B,0.5533,0.1,30.0,0.8,0.9,0.004802,0.0005231,0.002657,0.744,0.1,30.0,0.601,0.62,0.0005423,7.662e-05,0.0003001,0.633,23,54,364.4,398.3,1.062,0.0405,0.5877,0.958,0.010227407999999999,1.1837277777777776e-10
2023-01-11,07:29:15,domes,11,11,36.282844,-0.924888,-37,197573.609375,9897656,2130.6,3.2,none,797.9,20.0,53.5,B,0.552,38.0,87.0,1.0,1.5,0.009325,0.0006415,0.005147,0.815,3.0,33.0,0.237,0.447,0.009052,0.0004818,0.004996,0.924,21,54,314.2,325.8,0.3592,0.01243,0.1982,0.963,0.17026367999999997,1.970644444444444e-09
2023-01-12,07:41:30,domes,12,12,36.280494,-0.925193,-37,197311.875,9897622,2074.5,3.2,none,803.0,31.2,56.5,B,0.5,66.0,96.0,0.8,1.0,0.006452,0.0008681,0.003226,0.656,0.0,30.0,0.253,0.354,0.004189,0.0001792,0.002095,0.95,3,34,287.3,297.2,0.2527,0.02556,0.1264,0.765,0.0713976,8.263611111111112e-10
2023-01-13,08:00:39,domes,13,13,36.277886,-0.925248,-37,197021.390625,9897616,1998.1,3.2,none,809.9,29.7,63.3,B,0.5,19.0,49.0,0.8,0.8,-0.0008065,0.000896,-0.0004032,0.027,0.0,30.0,0.366,0.458,0.003127,0.0001262,0.001563,0.955,0,30,398.0,429.2,0.936,0.02296,0.468,0.983,0.053267039999999995,6.165166666666666e-10
2023-01-14,08:42:39,domes,14,14,36.287645,-0.924501,-37,198108.34375,9897699,2120.4,3.2,none,798.9,20.0,0.0,B,0.5526,0.0,30.0,0.0,0.9,0.005161,0.002909,0.002852,0.098,1.0,31.0,0.22,0.357,0.004318,0.0001893,0.002386,0.947,1,31,282.8,298.2,0.3837,0.03462,0.2121,0.809,0.08131488,9.411444444444446e-10
2023-01-15,09:04:32,domes,15,15,36.290242,-0.924683,-37,198397.625,9897679,2080.4,3.2,none,802.4,31.8,66.9,B,0.5,12.0,42.0,0.8,0.9,0.002177,0.0005665,0.001089,0.337,7.0,37.0,0.077,0.372,0.01082,0.0001905,0.005411,0.991,89,119,361.7,446.6,2.982,0.03274,1.491,0.997,0.18440688,2.134338888888889e-09
2023-01-16,09:17:33,domes,16,16,36.292185,-0.92488,-37,198614.0625,9897658,2061.0,3.2,none,804.2,20.0,63.0,B,0.5563,29.0,60.0,0.8,0.9,0.0007148,0.0009301,0.0003976,0.019,5.0,35.0,-0.06,0.321,0.01454,0.0003091,0.008089,0.987,57,87,351.6,432.0,2.771,0.02982,1.542,0.997,0.27567312,3.190661111111111e-09
2023-01-17,09:17:33,domes,16,16,36.292185,-0.92488,-37,198614.0625,9897658,2061.0,3.2,none,804.2,20.0,63.0,B,0.5563,29.0,60.0,0.8,0.9,0.0007148,0.0009301,0.0003976,0.019,5.0,35.0,-0.06,0.321,0.01454,0.0003091,0.008089,0.987,57,87,351.6,432.0,2.771,0.02982,1.542,0.997,0.27567312,3.190661111111111e-09
2023-01-18,09:34:21,domes,17,17,36.294177,-0.924577,-37,198835.921875,9897692,2050.0,3.2,none,805.2,20.0,78.7,B,0.557,81.0,111.0,0.7,0.8,0.004435,0.0005553,0.00247,0.687,4.0,34.0,0.085,0.49,0.01731,0.0008442,0.009642,0.935,66,96,410.7,508.4,3.304,0.03335,1.84,0.997,0.32859935999999995,3.803233333333333e-09
2023-01-19,09:52:07,domes,18,18,36.296466,-0.924875,-37,199090.90625,9897659,2051.2,3.2,none,805.1,32.0,70.6,B,0.5,24.0,54.0,0.8,0.9,0.00371,0.0005922,0.001855,0.575,5.0,35.0,0.039,0.401,0.01344,0.0003152,0.006721,0.984,113,143,479.5,577.0,3.532,0.04742,1.766,0.995,0.22905168,2.6510611111111115e-09
2023-01-20,10:14:57,domes,19,19,36.298655,-0.924582,-37,199334.703125,9897691,2017.9,3.2,none,808.1,20.0,83.2,B,0.559,0.0,30.0,0.8,0.9,0.005403,0.0006945,0.00302,0.676,4.0,34.0,0.125,0.462,0.01367,0.0007542,0.007642,0.919,116,146,515.4,631.8,4.024,0.06106,2.249,0.993,0.26043936,3.014344444444445e-09
2023-01-21,10:26:19,domes,20,20,36.300804,-0.924718,-37,199574.078125,9897677,1995.0,3.2,none,810.2,35.5,35.9,B,0.5,68.0,113.0,1.1,1.1,-2.244e-16,3.406e-17,-1.122e-16,0.0,24.0,54.0,-0.215,0.029,0.008586,7.053e-05,0.004293,0.998,28,58,350.1,445.4,3.222,0.03077,1.611,0.997,0.14630543999999998,1.6933499999999997e-09
2023-01-22,10:49:06,domes,21,21,36.303147,-0.92433,-37,199835.03125,9897720,1968.5,3.2,none,812.6,33.8,67.1,B,0.5,6.0,36.0,1.1,1.1,0.001895,0.001117,0.0009476,0.09,9.0,39.0,-0.087,0.265,0.01258,0.0001754,0.006288,0.994,116,146,429.4,524.6,3.37,0.03795,1.685,0.996,0.21429504,2.4802666666666665e-09
2023-01-23,11:06:47,domes,22,22,36.305538,-0.924376,-37,200101.34375,9897715,1953.8,3.2,none,813.9,35.6,37.9,B,0.5,76.0,106.0,0.3,0.4,0.003226,0.0006283,0.001613,0.476,0.0,30.0,0.247,0.295,0.001554,9.802e-05,0.0007772,0.897,80,111,424.9,445.2,0.64,0.01212,0.32,0.989,0.026486976,3.065622222222222e-10
2023-01-24,11:21:33,domes,23,23,36.307688,-0.924525,-37,200340.84375,9897698,1941.1,3.2,none,815.1,20.0,37.2,B,0.5638,50.0,80.0,0.8,0.9,0.002218,0.000643,0.00125,0.291,22.0,52.0,-0.291,0.039,0.01271,0.000261,0.007164,0.988,29,59,355.5,452.5,3.232,0.03413,1.822,0.997,0.24414912,2.8258e-09
2023-01-25,11:38:28,domes,24,24,36.310461,-0.924501,-37,200649.703125,9897701,1927.2,3.2,none,816.3,34.0,50.8,B,0.5,91.0,121.0,0.8,0.9,0.004435,0.0006309,0.002218,0.63,16.0,46.0,-0.29,0.126,0.01544,0.0003036,0.00772,0.989,77,107,401.3,505.8,3.583,0.03361,1.792,0.997,0.2630976,3.045111111111111e-09
2023-01-27,07:34:58,domes,26,26,36.307628,-0.932958,-37,200334.875,9896765,2002.1,3.2,none,809.5,33.4,66.8,B,0.5,41.0,77.0,0.8,1.1,0.008677,0.0005627,0.004339,0.872,0.0,30.0,0.348,0.675,0.01191,0.001253,0.005957,0.757,101,131,403.6,412.9,0.3149,0.01074,0.1574,0.967,0.20301455999999998,2.3497055555555555e-09
2023-01-28,07:51:40,domes,27,27,36.305288,-0.933059,-37,200074.234375,9896754,1988.6,3.2,none,810.7,33.0,43.5,B,0.5,70.0,100.0,0.4,0.4,0.0006452,0.0007361,0.0003226,0.026,45.0,75.0,0.272,0.321,0.001669,4.905e-05,0.0008343,0.976,40,70,317.2,382.4,2.273,0.01924,1.137,0.998,0.028432943999999998,3.2908499999999995e-10
2023-01-29,08:23:35,domes,28,28,36.300659,-0.932275,-37,199558.578125,9896840,2052.9,3.2,none,804.9,35.2,33.3,B,0.5,0.0,30.0,0.3,0.7,0.009879,0.002139,0.00494,0.424,17.0,47.0,-0.014,0.199,0.007909,0.0001565,0.003954,0.989,11,41,308.2,363.8,1.982,0.02445,0.9911,0.996,0.13475232,1.5596333333333332e-09
2023-01-30,09:10:36,domes,29,29,36.297754,-0.930902,-37,199234.875,9896992,2025.7,3.2,none,807.4,37.0,30.7,B,0.5,84.0,119.0,0.5,0.8,0.003423,0.0008256,0.001712,0.336,19.0,49.0,-0.25,0.042,0.01016,9.545e-05,0.005081,0.997,14,51,308.9,323.8,0.3878,0.01118,0.1939,0.971,0.17316047999999998,2.004172222222222e-09
2023-01-31,09:37:06,domes,30,30,36.29543,-0.930417,-37,198975.984375,9897045,2055.3,3.2,none,804.7,39.2,33.2,B,0.5,93.0,123.0,0.4,3.0,0.01319,0.009329,0.006593,0.064,14.0,44.0,-0.293,0.029,0.01202,0.0002121,0.00601,0.991,73,103,316.8,327.7,0.428,0.01494,0.214,0.966,0.20482079999999997,2.370611111111111e-09
2023-02-01,10:12:34,domes,31,31,36.29187,-0.930378,-37,198579.453125,9897049,2013.6,3.2,none,808.5,20.0,29.3,B,0.5592,0.0,36.0,0.9,1.0,0.0004742,0.0008711,0.0002652,0.008,18.0,48.0,-0.273,0.028,0.01097,0.0001378,0.006134,0.995,88,126,428.6,449.2,0.5496,0.01083,0.3074,0.986,0.20904672,2.4195222222222223e-09
2023-02-02,07:11:41,domes,32,32,36.325811,-0.92454,-37,202359.4375,9897698,2010.3,3.2,none,808.8,24.8,58.2,B,0.5,0.0,30.0,0.7,0.8,0.004032,0.001162,0.002016,0.293,4.0,34.0,0.395,0.503,0.004287,0.0003349,0.002143,0.85,11,41,377.5,394.4,0.5208,0.02423,0.2604,0.941,0.07303343999999999,8.452944444444443e-10
2023-02-03,08:33:49,domes,33,33,36.330347,-0.924716,-37,202864.6875,9897679,1948.6,3.2,none,814.4,29.6,54.0,B,0.5,50.0,80.0,1.0,1.1,0.004597,0.0005898,0.002298,0.677,46.0,76.0,0.445,0.454,0.0003452,1.331e-05,0.0001726,0.959,10,40,292.1,306.4,0.4832,0.02914,0.2416,0.905,0.005882208,6.80811111111111e-11
2023-02-04,09:29:04,domes,34,34,36.334611,-0.924397,-37,203339.59375,9897715,1971.2,3.2,none,812.3,35.0,54.5,B,0.5,88.0,124.0,0.5,0.8,0.003295,0.001031,0.001648,0.226,3.0,33.0,0.194,0.417,0.0096,0.0005158,0.0048,0.923,13,50,330.7,347.3,0.4366,0.008758,0.2183,0.986,0.16358399999999998,1.893333333333333e-09
2023-02-05,10:09:05,domes,35,35,36.336596,-0.924428,-37,203560.6875,9897712,1971.5,3.2,none,812.3,33.1,46.8,B,0.5,0.0,31.0,0.7,0.9,0.00614,0.0009846,0.00307,0.565,19.0,49.0,0.064,0.211,0.005376,8.993e-05,0.002688,0.992,11,41,316.7,324.9,0.3186,0.0151,0.1593,0.939,0.09160703999999999,1.0602666666666664e-09
2023-02-06,07:22:54,domes,36,36,36.323459,-0.924165,-37,202097.4375,9897740,2011.8,3.2,none,808.6,30.4,88.1,B,0.5,43.0,86.0,0.5,0.8,0.006927,0.001493,0.003464,0.339,0.1,30.0,0.414,0.769,0.01296,0.001293,0.006481,0.776,10,40,356.6,369.4,0.4535,0.03275,0.2267,0.869,0.22087247999999998,2.5563944444444444e-09
2023-02-07,07:34:10,domes,37,37,36.321351,-0.92473,-37,201862.6875,9897677,2009.5,3.2,none,808.8,30.8,75.2,B,0.5,46.0,76.0,1.4,1.6,0.02323,0.003899,0.01161,0.55,0.0,30.0,0.27,0.743,0.01599,0.00202,0.007995,0.684,14,45,304.0,318.9,0.4646,0.009776,0.2323,0.987,0.2724696,3.1535833333333335e-09
2023-02-08,08:18:12,domes,38,38,36.346007,-0.924734,-37,204608.921875,9897679,2022.2,3.2,none,807.7,29.5,38.6,B,0.5,0.0,30.0,0.3,0.7,0.008427,0.002053,0.004214,0.367,0.0,30.0,0.298,0.74,0.01518,0.001511,0.007588,0.777,13,43,298.3,311.3,0.4647,0.01099,0.2324,0.984,0.25859904,2.993044444444444e-09
2023-02-09,08:45:05,domes,39,39,36.343356,-0.924054,-37,204313.59375,9897754,1990.7,3.2,none,810.6,35.5,77.0,B,0.5,43.0,77.0,0.3,0.9,0.008908,0.002177,0.004454,0.337,0.0,30.0,0.348,0.711,0.0128,0.001433,0.006398,0.733,84,115,346.3,362.0,0.4929,0.008056,0.2464,0.992,0.21804384,2.5236555555555553e-09
2023-02-10,09:28:33,domes,40,40,36.340905,-0.924569,-37,204040.640625,9897696,1987.2,3.2,none,810.9,20.0,0.0,B,0.5609,0.0,30.0,0.3,0.7,0.007137,0.001861,0.004003,0.336,30.0,60.0,0.395,0.429,0.001355,4.166e-05,0.0007599,0.973,11,41,321.0,326.5,0.3054,0.01684,0.1713,0.919,0.025897391999999998,2.997383333333333e-10
2023-02-11,09:51:06,domes,41,41,36.338851,-0.924438,-37,203811.859375,9897711,1995.1,3.2,none,810.2,29.8,66.1,B,0.5,104.0,134.0,0.4,0.5,0.00371,0.0005922,0.001855,0.575,23.0,53.0,0.271,0.35,0.002789,3.947e-05,0.001394,0.994,14,44,315.3,324.2,0.3127,0.00989,0.1563,0.972,0.04750752,5.498555555555555e-10
2023-02-12,07:31:46,domes,42,42,36.348092,-0.924665,-37,204841.140625,9897686,2033.8,3.2,none,806.6,26.2,57.9,B,0.5,82.0,112.0,0.8,0.9,0.004113,0.0008523,0.002056,0.445,3.0,33.0,0.417,0.458,0.001813,7.547e-05,0.0009063,0.952,11,41,409.3,430.0,0.6509,0.04186,0.3255,0.893,0.030886703999999997,3.5748499999999993e-10
2023-02-13,07:41:32,domes,43,43,36.349963,-0.924536,-37,205049.53125,9897701,2016.1,3.2,none,808.2,26.3,58.9,B,0.5,94.0,124.0,0.8,0.9,0.004355,0.000629,0.002177,0.623,0.0,30.0,0.256,0.449,0.006817,0.0005109,0.003409,0.86,11,41,313.7,327.3,0.4838,0.01367,0.2419,0.977,0.11617872,1.344661111111111e-09
2023-02-14,08:00:00,domes,44,44,36.352645,-0.924567,-37,205348.25,9897698,1982.5,3.2,none,811.3,30.0,51.0,B,0.5,102.0,132.0,0.8,0.9,0.004032,0.0008655,0.002016,0.428,30.0,60.0,0.393,0.411,0.0006698,1.938e-05,0.0003349,0.976,86,116,322.9,384.8,2.16,0.02507,1.08,0.996,0.011413392,1.3209944444444443e-10
2023-02-15,08:34:17,domes,45,45,36.359339,-0.924582,-37,206093.828125,9897696,2094.7,3.2,none,801.2,28.4,48.9,B,0.5,98.0,128.0,0.8,0.9,0.004597,0.0005422,0.002298,0.713,24.0,54.0,0.202,0.293,0.003438,8.705e-05,0.001719,0.982,86,118,325.2,332.3,0.217,0.004949,0.1085,0.984,0.05858352,6.780500000000001e-10
2023-02-16,08:48:04,domes,46,46,36.357044,-0.924518,-37,205838.203125,9897703,2048.9,3.2,none,805.3,28.1,46.5,B,0.5,14.0,52.0,0.9,1.0,0.002126,0.0006411,0.001063,0.229,20.0,50.0,0.168,0.273,0.00384,8.777e-05,0.00192,0.985,63,93,325.6,392.3,2.272,0.01918,1.136,0.998,0.0654336,7.573333333333333e-10
2023-02-17,09:07:36,domes,47,47,36.354928,-0.924242,-37,205602.5,9897734,1991.7,3.2,none,810.5,32.9,45.3,B,0.5,27.0,57.0,0.4,0.5,0.003387,0.0005983,0.001694,0.525,19.0,49.0,0.174,0.293,0.004243,8.023e-05,0.002121,0.99,52,82,344.1,414.8,2.483,0.02989,1.242,0.996,0.07228368,8.366166666666668e-10
2023-02-18,09:51:42,domes,48,48,36.360934,-0.924939,-37,206271.515625,9897657,2050.5,3.2,none,805.1,36.6,39.1,B,0.5,30.0,68.0,0.4,0.5,0.00249,0.0006023,0.001245,0.316,15.0,45.0,-0.019,0.18,0.007372,0.0001167,0.003686,0.993,13,44,307.0,316.7,0.2877,0.01149,0.1439,0.954,0.12561888,1.453922222222222e-09
2023-02-19,10:25:35,domes,49,49,36.363942,-0.924601,-37,206606.515625,9897695,2021.3,3.2,none,807.8,31.3,40.1,B,0.5,36.0,70.0,0.7,0.8,0.002549,0.0007384,0.001275,0.265,19.0,49.0,-0.157,0.087,0.008889,0.0001224,0.004444,0.995,126,156,310.9,363.9,1.983,0.08364,0.9916,0.951,0.15145152,1.752911111111111e-09
2023-02-20,10:45:44,domes,50,50,36.366147,-0.924671,-37,206852.109375,9897687,1988.5,3.2,none,810.7,31.3,40.1,B,0.5,0.0,30.0,0.7,1.0,0.008669,0.001402,0.004335,0.569,25.0,55.0,-0.292,-0.003,0.01031,0.0001522,0.005155,0.994,126,156,293.2,356.6,2.27,0.02673,1.135,0.996,0.1756824,2.0333611111111106e-09
2023-02-21,07:41:31,domes,51,51,36.370243,-0.933852,-37,207309.078125,9896672,1912.3,3.2,none,817.7,29.3,55.4,B,0.5,75.0,114.0,1.1,1.3,0.003265,0.001271,0.001632,0.148,3.0,33.0,0.379,0.479,0.004379,0.0003489,0.00219,0.845,10,40,327.5,332.9,0.2477,0.02556,0.1238,0.764,0.0746352,8.638333333333333e-10
2023-02-22,07:58:28,domes,52,52,36.368416,-0.933651,-37,207105.5625,9896694,1916.3,3.2,none,817.3,20.0,0.0,B,0.5654,80.0,131.0,0.4,0.5,0.002493,0.0003104,0.001409,0.563,30.0,60.0,0.324,0.364,0.001427,1.855e-05,0.0008068,0.995,11,48,326.4,337.7,0.3031,0.01121,0.1714,0.953,0.027495744,3.1823777777777775e-10
2023-02-23,08:27:33,domes,53,53,36.366465,-0.933765,-37,206888.28125,9896681,1916.2,3.2,none,817.3,32.6,39.5,B,0.5,2.0,32.0,0.7,0.8,0.003508,0.000681,0.001754,0.478,26.0,56.0,0.086,0.184,0.003519,8.26e-05,0.00176,0.984,59,103,334.2,345.9,0.2591,0.004778,0.1295,0.986,0.0599808,6.942222222222222e-10
2023-02-24,08:49:31,domes,54,54,36.36418,-0.933243,-37,206633.734375,9896739,1944.0,3.2,none,814.8,36.0,37.9,B,0.5,48.0,79.0,0.2,0.3,0.003886,0.0006775,0.001943,0.523,19.0,49.0,0.055,0.189,0.005061,0.000122,0.002531,0.983,12,42,325.2,398.5,2.542,0.02931,1.271,0.996,0.08625648,9.98338888888889e-10
2023-02-25,09:20:21,domes,55,55,36.361786,-0.933552,-37,206367.125,9896704,1970.7,3.2,none,812.4,34.4,33.3,B,0.5,0.0,30.0,0.7,0.8,0.002863,0.0007781,0.001431,0.318,20.0,50.0,-0.198,0.053,0.008848,0.0001169,0.004424,0.995,53,83,313.9,382.0,2.365,0.02606,1.183,0.996,0.15076992,1.7450222222222222e-09
2023-02-26,09:46:37,domes,56,56,36.359335,-0.933672,-37,206094.140625,9896691,1995.6,3.2,none,810.1,20.0,0.0,B,0.5604,0.0,34.0,0.5,0.7,0.00479,0.001651,0.002684,0.203,22.0,52.0,-0.293,0.015,0.01084,0.0001479,0.006073,0.995,14,49,295.2,303.7,0.2429,0.01142,0.1361,0.93,0.20696784,2.395461111111111e-09
2023-02-27,10:01:37,domes,57,57,36.357123,-0.93364,-37,205847.765625,9896694,1994.7,3.2,none,810.2,24.9,46.2,B,0.5,104.0,134.0,0.8,0.9,0.004516,0.0006109,0.002258,0.653,17.0,47.0,-0.094,0.161,0.009253,0.0001257,0.004627,0.995,11,41,332.9,371.4,1.37,0.02536,0.6849,0.99,0.15768816,1.8250944444444444e-09
2023-02-28,07:25:41,domes,58,58,36.355437,-0.93382,-37,205660.0,9896674,1958.8,3.2,none,813.5,28.0,90.4,B,0.5,20.0,50.0,1.1,1.4,0.01073,0.001601,0.005363,0.607,0.1,30.0,0.402,0.531,0.004973,0.0001919,0.002487,0.959,23,53,318.9,382.3,2.171,0.0175,1.085,0.998,0.08475695999999999,9.809833333333334e-10
2023-03-01,08:19:16,domes,59,59,36.352186,-0.933492,-37,205297.875,9896710,2009.4,3.2,none,808.9,27.2,49.7,B,0.5,86.0,116.0,0.4,0.5,0.003911,0.0009192,0.001956,0.384,1.0,31.0,0.257,0.804,0.02153,0.001594,0.01077,0.863,13,43,408.4,451.4,1.415,0.01739,0.7075,0.996,0.36704159999999997,4.2481666666666665e-09
2023-03-02,08:38:18,domes,60,60,36.350192,-0.933637,-37,205075.796875,9896694,2042.3,3.2,none,805.9,32.1,95.2,B,0.5,44.0,74.0,0.4,0.5,0.003145,0.0007396,0.001573,0.384,0.0,30.0,0.363,0.69,0.01135,0.001203,0.005674,0.754,12,50,513.2,552.0,0.9972,0.009688,0.4986,0.997,0.19336992,2.238077777777778e-09
2023-03-03,09:14:24,domes,61,61,36.348105,-0.933891,-37,204843.359375,9896666,2046.0,3.2,none,805.5,33.6,89.2,B,0.5,45.0,77.0,0.7,1.4,0.01845,0.002505,0.009225,0.636,0.0,30.0,0.328,0.757,0.01389,0.001562,0.006947,0.732,130,160,492.0,592.4,3.453,0.02279,1.727,0.999,0.23675375999999998,2.7402055555555553e-09
2023-03-04,09:14:24,domes,62,62,36.348105,-0.933891,-37,204843.359375,9896666,2046.0,3.2,none,805.5,33.6,89.2,B,0.5,45.0,77.0,0.7,1.4,0.01845,0.002505,0.009225,0.636,0.0,30.0,0.328,0.757,0.01389,0.001562,0.006947,0.732,130,160,492.0,592.4,3.453,0.02279,1.727,0.999,0.23675375999999998,2.7402055555555553e-09
2023-03-05,09:39:39,domes,63,63,36.345872,-0.933104,-37,204594.578125,9896752,1966.3,3.2,none,812.8,32.3,40.0,B,0.5,85.0,115.0,0.4,0.4,0.00496,0.0008061,0.00248,0.566,0.0,30.0,0.364,0.712,0.01221,0.001423,0.006107,0.717,0,30,450.6,597.3,4.879,0.3032,2.439,0.899,0.20812656,2.408872222222222e-09
2023-03-06,10:58:39,domes,64,64,36.328734,-0.93316,-37,202685.734375,9896745,1948.1,3.2,none,814.4,32.5,87.5,B,0.5,74.0,104.0,0.4,0.5,0.003548,0.0007062,0.001774,0.465,0.0,30.0,0.376,0.71,0.01286,0.001071,0.00643,0.832,11,53,348.5,369.1,0.4648,0.009856,0.2324,0.982,0.21913439999999998,2.5362777777777775e-09
2023-03-07,07:41:57,domes,65,65,36.342879,-0.934304,-37,204261.328125,9896619,1914.0,3.2,none,817.5,26.5,84.4,B,0.5,57.0,87.0,0.8,0.9,0.001694,0.0005271,0.0008468,0.262,0.0,30.0,0.424,0.757,0.01346,0.001061,0.006732,0.847,12,42,395.5,420.6,0.8475,0.01999,0.4238,0.984,0.22942656,2.6554e-09
2023-03-08,08:10:12,domes,66,66,36.340718,-0.933027,-37,204020.515625,9896760,1935.9,3.2,none,815.5,30.6,79.5,B,0.5,13.0,48.0,1.1,1.4,0.007027,0.00109,0.003514,0.55,0.0,30.0,0.406,0.648,0.008867,0.0008799,0.004433,0.778,50,81,398.1,417.2,0.6203,0.01133,0.3101,0.99,0.15107664,1.7485722222222222e-09
2023-03-09,08:21:56,domes,67,67,36.338062,-0.933507,-37,203724.734375,9896707,1926.1,3.2,none,816.4,28.5,72.1,B,0.5,53.0,83.0,0.4,0.4,0.002016,0.000963,0.001008,0.131,65.0,106.0,0.478,0.483,0.0001386,7.502e-06,6.932e-05,0.895,110,140,383.8,457.8,2.66,0.03057,1.33,0.996,0.0023624256,2.7342888888888887e-11
2023-03-10,08:33:32,domes,68,68,36.336087,-0.933612,-37,203504.765625,9896695,1881.6,3.2,none,820.5,26.7,71.8,B,0.5,0.0,31.0,0.7,0.9,0.005187,0.001012,0.002593,0.467,44.0,74.0,0.364,0.408,0.001694,3.663e-05,0.0008468,0.987,11,41,313.7,363.5,1.726,0.02133,0.863,0.996,0.028858943999999997,3.340155555555555e-10
2023-03-11,08:45:52,domes,69,69,36.334818,-0.933433,-37,203363.40625,9896715,1860.6,3.2,none,822.4,26.7,71.8,B,0.5,82.0,115.0,0.8,0.9,0.002689,0.0007486,0.001345,0.287,3.0,33.0,0.399,0.457,0.002277,0.0002695,0.001139,0.711,12,42,401.8,425.3,0.8205,0.01462,0.4102,0.991,0.03881712,4.492722222222222e-10
2023-03-12,09:09:32,domes,70,70,36.332911,-0.933434,-37,203151.0,9896715,1888.7,3.2,none,819.9,33.5,87.9,B,0.5,24.0,54.0,0.5,0.9,0.01573,0.001465,0.007863,0.799,0.0,30.0,0.342,0.652,0.01066,0.001251,0.005332,0.715,44,74,383.0,468.5,2.848,0.05206,1.424,0.99,0.18171456,2.1031777777777774e-09
2023-03-13,09:33:29,domes,71,71,36.330704,-0.933599,-37,202905.1875,9896696,1911.6,3.2,none,817.8,35.7,45.6,B,0.5,0.0,30.0,0.5,0.9,0.00875,0.001284,0.004375,0.616,51.0,81.0,0.154,0.24,0.002925,4.358e-05,0.001463,0.994,25,55,287.5,358.2,2.378,0.02145,1.189,0.998,0.04985904,5.770722222222222e-10
2023-03-14,07:40:54,domes,72,72,36.287148,-0.933442,-37,198053.75,9896710,1913.2,3.2,none,817.6,30.2,90.7,B,0.5,33.0,63.0,0.5,0.8,0.01306,0.00126,0.006532,0.788,0.0,30.0,0.438,0.799,0.01534,0.001106,0.007672,0.869,11,41,372.9,391.3,0.6398,0.03073,0.3199,0.937,0.26146176,3.0261777777777777e-09
2023-03-15,08:07:48,domes,73,73,36.285191,-0.933549,-37,197835.765625,9896698,1946.5,3.2,none,814.6,31.7,82.0,B,0.5,0.0,140.0,0.0,0.0,0.0,0.0,0.0,0.0,0.0,30.0,0.377,0.691,0.009821,0.001912,0.00491,0.476,81,111,323.8,393.2,2.421,0.02528,1.21,0.997,0.1673328,1.9367222222222222e-09
2023-03-16,08:25:20,domes,74,74,36.282606,-0.933634,-37,197547.84375,9896688,1947.6,3.2,none,814.5,32.6,86.5,B,0.5,0.0,140.0,0.0,0.0,0.0,0.0,0.0,0.0,0.0,30.0,0.276,0.704,0.01332,0.002049,0.006658,0.593,14,56,294.6,309.1,0.3462,0.005453,0.1731,0.99,0.22690464,2.626211111111111e-09
2023-03-17,08:42:39,domes,75,75,36.280791,-0.933509,-37,197345.671875,9896702,1988.5,3.2,none,810.7,32.6,86.5,B,0.5,0.0,142.0,0.0,0.0,0.0,0.0,0.0,0.0,0.0,30.0,0.671,1.041,0.01086,0.001981,0.005429,0.509,17,47,371.5,449.1,2.619,0.01811,1.31,0.999,0.18502032,2.1414388888888886e-09
2023-03-18,10:42:02,domes,76,76,36.324285,-0.933376,-37,202190.21875,9896720,1986.1,3.2,none,811.0,32.2,93.1,B,0.5,8.0,38.0,1.0,1.0,0.003508,0.0007194,0.001754,0.451,0.0,30.0,0.388,0.577,0.007277,0.000892,0.003639,0.697,11,41,511.1,547.3,1.314,0.03071,0.657,0.984,0.12401712,1.4353833333333331e-09
2023-03-19,10:52:53,domes,77,77,36.322446,-0.933663,-37,201985.40625,9896689,1971.9,3.2,none,812.3,34.2,96.3,B,0.5,38.0,70.0,1.0,1.0,0.0,0.0,0.0,0.0,0.0,30.0,0.329,0.745,0.01514,0.0016,0.007568,0.755,0,30,454.1,599.3,4.435,0.2819,2.217,0.895,0.25791744,2.985155555555556e-09
2023-03-20,11:08:37,domes,78,78,36.325379,-0.93378,-37,202312.09375,9896676,1970.1,3.2,none,812.4,35.6,96.8,B,0.5,57.0,87.0,0.8,0.9,0.003992,0.000768,0.001996,0.482,0.0,30.0,0.33,0.703,0.01248,0.001945,0.006242,0.587,32,62,358.4,441.8,2.781,0.03335,1.39,0.996,0.21272736,2.4621222222222225e-09
2023-03-21,07:42:17,domes,79,79,36.372843,-0.933645,-37,207598.640625,9896695,1928.6,3.2,none,816.2,28.4,90.4,B,0.5,17.0,47.0,0.9,1.0,0.004718,0.0007424,0.002359,0.582,0.0,30.0,0.519,0.886,0.01232,0.001397,0.006162,0.729,10,40,504.9,532.6,0.9624,0.03215,0.4812,0.969,0.21000096,2.4305666666666665e-09
2023-03-22,07:58:22,domes,80,80,36.375207,-0.933614,-37,207861.9375,9896698,1935.6,3.2,none,815.6,28.2,90.9,B,0.5,78.0,111.0,0.8,0.9,0.00162,0.0008121,0.0008098,0.111,0.0,30.0,0.319,0.829,0.01619,0.002344,0.008097,0.622,14,44,386.0,414.6,0.9557,0.0135,0.4778,0.994,0.27594576,3.1938166666666663e-09
2023-03-23,08:15:20,domes,81,81,36.37734,-0.933623,-37,208099.5,9896698,1952.3,3.2,none,814.0,29.3,94.7,B,0.5,67.0,97.0,0.5,0.7,0.01601,0.002251,0.008004,0.636,0.1,30.0,0.384,0.717,0.01094,0.001653,0.005468,0.601,112,142,419.8,496.1,2.6,0.0186,1.3,0.999,0.18634943999999998,2.156822222222222e-09
2023-03-24,08:38:30,domes,82,82,36.379549,-0.933617,-37,208345.53125,9896698,1970.0,3.2,none,812.4,29.3,86.9,B,0.5,82.0,112.0,0.4,0.5,0.004234,0.000569,0.002117,0.656,0.0,30.0,0.314,0.645,0.01121,0.001749,0.005607,0.586,74,104,565.0,667.3,3.563,0.03254,1.781,0.998,0.19108656,2.21165e-09
2023-03-25,08:53:11,domes,83,83,36.381912,-0.93394,-37,208608.75,9896663,1984.3,3.2,none,811.1,20.0,70.2,B,0.5611,0.0,47.0,0.5,0.7,0.003734,0.0007956,0.002095,0.324,58.0,88.0,0.402,0.414,0.0004907,2.598e-05,0.0002753,0.925,11,41,422.9,483.6,2.141,0.03166,1.201,0.994,0.009382224,1.0859055555555555e-10
2023-03-26,09:04:56,domes,84,84,36.384068,-0.933516,-37,208848.84375,9896710,2000.4,3.2,none,809.7,27.3,74.4,B,0.5,122.0,156.0,0.1,0.3,0.006779,0.0004668,0.003389,0.865,8.0,38.0,0.25,0.365,0.003896,0.0001296,0.001948,0.969,90,120,504.3,560.8,2.019,0.02283,1.009,0.996,0.06638784,7.683777777777779e-10
2023-03-27,09:20:43,domes,85,85,36.386271,-0.933433,-37,209094.203125,9896719,2029.1,3.2,none,807.1,31.0,87.4,B,0.5,40.0,73.0,0.3,0.5,0.004416,0.000609,0.002208,0.622,0.0,30.0,0.302,0.525,0.008258,0.000532,0.004129,0.893,87,117,429.9,516.2,3.086,0.03029,1.543,0.997,0.14071631999999998,1.6286611111111108e-09
2023-03-28,07:21:26,domes,86,86,36.388633,-0.933609,-37,209357.28125,9896700,2061.3,3.2,none,804.2,26.6,62.2,B,0.5,0.0,43.0,1.0,1.3,0.006061,0.0007209,0.00303,0.627,0.0,30.0,0.454,0.666,0.006952,0.0006338,0.003476,0.806,51,86,380.4,395.5,0.4203,0.007382,0.2102,0.99,0.11846208,1.371088888888889e-09
2023-03-29,07:40:09,domes,87,87,36.390548,-0.933267,-37,209570.546875,9896738,2083.2,3.2,none,802.2,27.7,91.0,B,0.5,100.0,130.0,0.2,0.3,0.004153,0.0006744,0.002077,0.567,0.0,30.0,0.415,0.638,0.008506,0.0007313,0.004253,0.823,12,47,336.6,357.4,0.5635,0.01454,0.2818,0.978,0.14494224,1.6775722222222222e-09
2023-03-30,08:05:01,domes,88,88,36.391457,-0.933182,-37,209671.78125,9896748,2097.7,3.2,none,800.9,27.8,92.8,B,0.5,0.0,30.0,0.1,0.5,0.01343,0.002764,0.006714,0.449,0.0,30.0,0.314,0.667,0.01255,0.001102,0.006273,0.817,15,50,304.4,315.8,0.3267,0.008794,0.1634,0.976,0.21378383999999998,2.47435e-09
2023-03-31,08:49:48,domes,89,89,36.386163,-0.942335,-37,209082.90625,9895734,1966.0,3.2,none,812.8,33.3,68.7,B,0.5,124.0,154.0,0.7,0.8,0.004234,0.000569,0.002117,0.656,0.0,30.0,0.26,0.614,0.01219,0.001352,0.006093,0.737,15,45,306.1,322.0,0.5221,0.01212,0.2611,0.985,0.20764944,2.40335e-09
2023-04-01,09:19:40,domes,90,90,36.389075,-0.94305,-37,209407.296875,9895656,1978.6,3.2,none,811.6,34.8,72.1,B,0.5,35.0,65.0,0.5,0.7,0.009677,0.001038,0.004839,0.75,0.0,30.0,0.248,0.563,0.0112,0.0003703,0.005601,0.969,14,44,371.0,397.7,0.8747,0.01361,0.4374,0.993,0.19088207999999998,2.209283333333333e-09
2023-04-02,10:15:21,domes,91,91,36.383929,-0.942768,-37,208834.125,9895686,1951.5,3.2,none,814.1,34.8,72.1,B,0.5,0.0,37.0,0.7,0.8,0.002681,0.0005659,0.00134,0.384,0.0,30.0,0.233,0.475,0.007064,0.000969,0.003532,0.647,14,44,346.5,376.4,1.02,0.01249,0.5101,0.996,0.12037055999999999,1.3931777777777776e-09
2023-04-03,07:48:25,domes,92,92,36.381766,-0.942867,-37,208593.234375,9895675,1940.9,3.2,none,815.1,26.4,66.3,B,0.5,62.0,92.0,0.4,0.5,0.003185,0.0007694,0.001593,0.371,0.0,30.0,0.45,0.59,0.004284,0.000433,0.002142,0.771,103,133,430.8,445.2,0.4917,0.01199,0.2458,0.983,0.07299935999999999,8.448999999999997e-10
2023-04-04,07:59:31,domes,93,93,36.379507,-0.94279,-37,208341.625,9895683,1928.8,3.2,none,816.2,27.5,70.0,B,0.5,34.0,64.0,0.8,0.9,0.004839,0.0005188,0.002419,0.75,0.0,30.0,0.448,0.573,0.005219,0.0004583,0.002609,0.817,11,44,357.9,375.4,0.5158,0.01819,0.2579,0.962,0.08891472,1.0291055555555557e-09
2023-04-05,08:34:05,domes,94,94,36.377247,-0.942776,-37,208089.90625,9895685,1916.5,3.2,none,817.3,27.9,71.8,B,0.5,20.0,56.0,0.8,0.9,0.002608,0.0006571,0.001304,0.31,0.0,30.0,0.312,0.456,0.00419,0.0003137,0.002095,0.86,13,43,330.0,343.9,0.4808,0.009475,0.2404,0.989,0.0713976,8.263611111111112e-10
2023-04-06,08:46:20,domes,95,95,36.375095,-0.942747,-37,207850.21875,9895688,1908.8,3.2,none,818.0,25.6,72.1,B,0.6,109.0,142.0,0.7,0.8,0.002827,0.0007497,0.001696,0.308,0.0,30.0,0.397,0.458,0.002594,0.000177,0.001556,0.881,119,149,399.8,467.7,2.417,0.02319,1.45,0.997,0.05302848,6.137555555555556e-10
2023-04-07,08:59:32,domes,96,96,36.372655,-0.94271,-37,207578.453125,9895692,1897.3,3.2,none,819.1,25.0,61.6,B,0.6,5.0,35.0,0.5,0.7,0.006935,0.001513,0.004161,0.42,40.0,70.0,0.362,0.389,0.0009508,1.868e-05,0.0005705,0.989,11,41,518.5,545.7,0.9711,0.01834,0.5827,0.99,0.01944264,2.2503055555555558e-10
2023-04-08,09:20:54,domes,97,97,36.369608,-0.942537,-37,207239.078125,9895711,1888.6,3.2,none,819.9,29.6,53.0,B,0.5,90.0,120.0,0.4,0.5,0.002177,0.0005665,0.001089,0.338,28.0,58.0,0.378,0.396,0.0007169,1.929e-05,0.0003585,0.979,115,145,378.0,446.2,2.357,0.01603,1.179,0.999,0.012217679999999998,1.414083333333333e-10
2023-04-09,09:32:49,domes,98,98,36.368309,-0.94264,-37,207094.40625,9895699,1863.6,3.2,none,822.2,31.2,50.3,B,0.5,41.0,71.0,0.8,0.9,0.001976,0.0007336,0.0009879,0.2,9.0,39.0,0.227,0.363,0.005202,0.0001172,0.002601,0.985,94,124,433.7,526.9,3.128,0.01692,1.564,0.999,0.08864208,1.02595e-09
2023-04-10,09:49:06,domes,99,99,36.366051,-0.942677,-37,206842.90625,9895695,1891.3,3.2,none,819.6,31.2,50.3,B,0.5,0.0,30.0,0.3,0.4,0.003548,0.0006254,0.001774,0.526,23.0,53.0,0.145,0.289,0.004858,6.211e-05,0.002429,0.995,13,49,328.5,352.0,0.6376,0.009855,0.3188,0.992,0.08278032,9.581055555555555e-10
2023-04-11,09:59:37,domes,100,100,36.363749,-0.942612,-37,206586.515625,9895702,1889.5,3.2,none,819.8,31.2,50.3,B,0.5,40.0,70.0,0.3,0.4,0.002298,0.0007005,0.001149,0.271,20.0,50.0,0.08,0.243,0.00592,0.0001199,0.00296,0.988,76,106,362.3,441.9,2.746,0.02737,1.373,0.997,0.10087679999999999,1.1675555555555554e-09
2023-04-12,08:02:04,p1-155,101,101,36.358161,-0.940153,-37,205963.921875,9895973,1888.0,3.2,none,819.9,25.6,,B,0.5565,82.0,120.0,0.7,0.9,0.00251,0.0006093,0.001397,0.314,1.0,31.0,0.421,0.55,0.005775,0.0003737,0.003214,0.892,47,81,338.4,348.2,0.2942,0.009342,0.1637,0.968,0.10953311999999998,1.2677444444444443e-09
2023-04-16,10:03:54,p5-151,106,106,36.349457,-0.939863,-37,204994.453125,9896005,1949.8,3.2,none,814.3,30.0,91.7,B,0.5,23.0,53.0,0.4,0.5,0.001532,0.0006352,0.0007661,0.167,1.0,31.0,0.37,0.613,0.012,0.0007967,0.006002,0.887,76,106,533.7,543.8,0.3819,0.01482,0.1909,0.958,0.20454816,2.3674555555555558e-09
2023-04-19,11:14:34,p1-148,109,109,36.342741,-0.939835,-37,204246.421875,9896007,1885.3,3.2,none,820.2,25.3,75.8,B,0.6,0.1,30.0,0.9,0.9,0.002501,0.0009285,0.001501,0.2,3.0,33.0,0.391,0.523,0.005864,0.0004106,0.003518,0.875,47,78,367.9,380.3,0.4031,0.009683,0.2418,0.983,0.11989343999999999,1.3876555555555555e-09
2023-04-21,12:07:49,p2-147,111,111,36.338321,-0.939864,-37,203754.109375,9896004,1850.0,3.2,none,823.4,25.2,71.3,B,0.6,13.0,52.0,0.4,0.5,0.001754,0.0005132,0.001053,0.235,2.0,32.0,0.462,0.47,0.0003496,2.011e-05,0.0002098,0.912,65,95,510.6,517.3,0.2322,0.004886,0.1393,0.987,0.007149984,8.275444444444445e-11
2023-04-22,12:25:28,p4-145,112,112,36.336168,-0.940014,-37,203514.328125,9895987,1819.8,3.2,none,826.2,24.4,75.2,B,0.6,72.0,102.0,0.7,0.8,0.004234,0.0006703,0.00254,0.579,0.0,30.0,0.502,0.51,0.0001843,3.599e-05,0.0001106,0.475,5,35,408.1,422.7,0.4661,0.008281,0.2796,0.991,0.0037692479999999998,4.3625555555555555e-11
2023-04-23,13:46:25,p5-144,113,113,36.333545,-0.940153,-37,203222.1875,9895971,1861.9,3.2,none,822.3,25.5,73.5,B,0.6,83.0,113.0,0.8,0.9,0.001774,0.0006131,0.001065,0.224,6.0,36.0,0.032,0.4,0.01394,0.000264,0.008365,0.99,11,41,308.5,315.2,0.258,0.01143,0.1548,0.946,0.2850792,3.2995277777777777e-09
2023-04-26,10:58:35,p1-141,116,116,36.326905,-0.939855,-37,202482.578125,9896004,1901.4,3.2,none,818.7,27.4,60.7,B,0.5,4.0,34.0,1.3,1.4,0.004516,0.0009163,0.002258,0.456,5.0,35.0,0.48,0.482,0.0001056,1.657e-05,5.282e-05,0.584,0,30,414.8,426.6,0.4216,0.01056,0.2108,0.982,0.0018001056,2.0834555555555554e-11
2023-04-28,11:37:41,p3-139,118,118,36.322421,-0.939777,-37,201983.140625,9896012,1900.4,3.2,none,818.8,30.4,57.6,B,0.5,7.0,42.0,0.7,0.9,0.005354,0.0004834,0.002677,0.783,67.0,97.0,0.547,0.605,0.001939,3.399e-05,0.0009694,0.991,67,102,429.9,435.4,0.1507,0.005115,0.07536,0.962,0.033037152,3.823744444444444e-10
2023-04-29,12:51:39,p4-45,119,119,36.368306,-0.924537,-37,207092.5625,9897702,2003.6,3.2,none,809.4,28.6,64.0,B,0.5,33.0,63.0,0.5,0.7,0.003548,0.001226,0.001774,0.224,9.0,39.0,0.376,0.393,0.0006786,2.064e-05,0.0003393,0.974,40,70,413.5,489.2,2.652,0.03491,1.326,0.995,0.011563344,1.33835e-10
2023-05-01,13:23:55,p6-47,121,121,36.372558,-0.924389,-37,207566.140625,9897719,1990.7,3.2,none,810.6,33.6,44.0,B,0.5,26.0,56.0,0.7,0.8,0.002782,0.0006371,0.001391,0.397,0.0,30.0,0.446,0.466,0.0007081,1.95e-05,0.000354,0.978,109,143,424.0,431.6,0.2261,0.006282,0.1131,0.975,0.012064319999999998,1.396333333333333e-10
2023-05-04,11:44:02,p2-55,124,124,36.390851,-0.924601,-37,209603.578125,9897697,2154.3,3.2,none,795.8,31.3,39.6,B,0.5,94.0,124.0,0.8,0.9,0.001774,0.0006131,0.0008871,0.224,48.0,78.0,0.391,0.398,0.0003427,2.921e-05,0.0001714,0.826,75,105,393.9,398.0,0.1556,0.007669,0.07779,0.934,0.0058413119999999995,6.760777777777777e-11
2023-05-06,12:38:11,p4-53,126,126,36.38637,-0.924926,-37,209104.53125,9897661,2091.4,3.2,none,801.5,29.2,43.3,B,0.5,70.0,100.0,0.4,0.5,0.002903,0.0008556,0.001452,0.284,14.0,44.0,0.452,0.467,0.0005609,2.005e-05,0.0002804,0.964,70,117,401.9,409.9,0.1776,0.004969,0.08881,0.965,0.009556031999999999,1.1060222222222221e-10
2023-05-07,13:07:58,p5-52,127,127,36.384004,-0.924752,-37,208841.0,9897680,2093.5,3.2,none,801.3,30.3,41.9,B,0.5,55.0,86.0,0.3,0.4,0.002914,0.000831,0.001457,0.291,53.0,83.0,0.418,0.422,0.0001431,1.393e-05,7.157e-05,0.785,72,102,410.5,417.6,0.2226,0.009232,0.1113,0.952,0.0024391055999999998,2.8230388888888884e-11
2023-05-08,13:25:50,p6-51,128,128,36.381857,-0.925143,-37,208601.90625,9897636,2064.5,3.2,none,803.9,27.2,53.4,B,0.5,21.0,51.0,0.4,0.5,0.001169,0.0004615,0.0005847,0.181,0.0,30.0,0.549,0.564,0.0002819,5.59e-05,0.0001409,0.467,0,36,386.4,399.7,0.3419,0.007789,0.171,0.982,0.004801872,5.557722222222223e-11
2023-05-09,13:41:49,p7-50,129,129,36.379641,-0.925701,-37,208355.140625,9897574,2015.8,3.2,none,808.3,25.6,49.7,B,0.5,73.1,110.0,0.2,0.3,0.002729,0.0005622,0.001365,0.396,0.0,30.0,0.459,0.494,0.001043,3.505e-05,0.0005216,0.968,4,43,383.0,396.2,0.3378,0.005638,0.1689,0.99,0.017776128,2.0574222222222218e-10
2023-05-10,14:23:42,p8-49,130,130,36.377368,-0.924824,-37,208101.90625,9897671,2024.0,3.2,none,807.5,29.9,43.8,B,0.5,107.0,137.0,0.9,0.9,9.168e-16,1.706e-16,4.584e-16,0.0,0.0,30.0,0.435,0.464,0.0009641,4.081e-05,0.0004821,0.951,43,73,381.9,392.6,0.4134,0.01358,0.2067,0.97,0.016429968,1.9016166666666667e-10
2023-05-12,12:08:58,p2-115,132,132,36.271923,-0.942627,-37,196358.671875,9895692,1836.1,3.2,none,824.7,37.9,62.7,B,0.5,146.0,242.0,0.4,0.8,0.003687,0.0002125,0.001844,0.76,176.0,206.0,0.508,0.509,0.0001585,2.337e-05,7.923e-05,0.613,2,36,619.6,662.4,1.262,0.0134,0.6308,0.996,0.0027001584,3.1251833333333334e-11
2023-05-13,12:57:40,p3-116,133,133,36.274409,-0.94267,-37,196635.59375,9895688,1824.9,3.2,none,825.7,35.5,52.6,B,0.5,138.0,168.0,0.5,0.5,0.006935,0.001376,0.003468,0.467,0.0,30.0,0.205,0.43,0.008194,0.0001877,0.004097,0.985,60,90,443.3,468.5,0.8486,0.008581,0.4243,0.997,0.13962576,1.6160388888888888e-09
2023-05-14,13:19:51,p4-117,134,134,36.276252,-0.942606,-37,196840.875,9895695,1848.0,3.2,none,823.6,32.0,58.6,B,0.5,90.0,120.0,1.0,1.1,0.0025,0.0009279,0.00125,0.2,98.0,128.0,0.491,0.496,0.000219,1.399e-05,0.0001095,0.894,6,36,494.9,519.3,0.8225,0.01569,0.4113,0.99,0.00373176,4.319166666666667e-11
2023-05-15,13:45:07,p5-118,135,135,36.27853,-0.942406,-37,197094.59375,9895717,1837.0,3.2,none,824.6,29.4,47.8,B,0.5,82.0,114.0,0.9,1.0,0.002841,0.0007008,0.00142,0.346,90.0,120.0,0.407,0.419,0.0004165,1.448e-05,0.0002083,0.966,0,32,448.4,471.5,0.7114,0.01698,0.3557,0.983,0.007098864,8.216277777777778e-11
2023-05-16,11:18:25,p1-119,136,136,36.280711,-0.942638,-37,197337.546875,9895692,1815.5,3.2,none,826.6,18.5,94.8,B,0.6,58.0,88.0,0.9,1.0,0.00375,0.000676,0.00225,0.515,0.0,30.0,0.456,0.759,0.01207,0.0005742,0.007241,0.938,12,48,666.4,684.9,0.5055,0.009616,0.3033,0.987,0.24677327999999998,2.8561722222222224e-09
2023-05-17,11:40:06,p2-120,137,137,36.283034,-0.942739,-37,197596.296875,9895681,1785.0,3.2,none,829.4,18.4,95.7,B,0.6,127.0,157.0,0.7,0.8,0.002177,0.0005665,0.001306,0.337,31.0,61.0,0.534,0.536,0.0001008,1.522e-05,6.048e-05,0.602,2,32,528.4,557.0,0.9492,0.02762,0.5695,0.976,0.0020611583999999997,2.3855999999999997e-11
2023-05-18,12:05:22,p3-121,138,138,36.285256,-0.942592,-37,197843.78125,9895697,1803.6,3.2,none,827.7,19.4,96.3,B,0.6,220.0,250.0,0.9,0.9,0.003548,0.0007434,0.002129,0.44,26.0,56.0,0.557,0.558,0.0001448,3.108e-05,8.685e-05,0.428,0,30,568.6,601.6,1.151,0.02237,0.6904,0.989,0.0029598479999999997,3.42575e-11
2023-05-19,12:21:41,p4-122,139,139,36.287358,-0.943037,-37,198077.953125,9895648,1785.4,3.2,none,829.4,20.1,96.3,B,0.6,190.0,222.0,0.5,0.7,0.006417,0.001402,0.00385,0.403,150.0,180.0,0.475,0.484,0.0003062,2.164e-05,0.0001837,0.874,0,32,648.6,686.7,1.194,0.01013,0.7164,0.998,0.006260495999999999,7.245944444444444e-11
2023-05-20,12:47:33,p5-123,140,140,36.2898,-0.942585,-37,198349.921875,9895699,1792.5,3.2,none,828.7,21.2,96.6,B,0.6,78.0,108.0,0.2,0.3,0.004183,0.0006153,0.00251,0.614,80.0,116.0,0.597,0.604,0.0001902,9.543e-06,0.0001141,0.919,114,144,820.1,843.8,0.7982,0.009547,0.4789,0.996,0.0038885279999999996,4.50061111111111e-11
2023-05-21,13:09:11,p6-124,141,141,36.292,-0.942474,-37,198594.96875,9895711,1800.7,3.2,none,828.0,21.3,96.6,B,0.6,100.0,132.0,0.4,0.5,0.003643,0.000664,0.002186,0.493,10.0,40.0,0.439,0.462,0.0008452,2.789e-05,0.0005071,0.969,6,38,467.3,480.0,0.3689,0.01129,0.2213,0.972,0.017281967999999998,2.0002277777777776e-10
2023-05-22,13:25:30,p7-125,142,142,36.294387,-0.942734,-37,198860.859375,9895682,1775.9,3.2,none,830.3,22.5,96.6,B,0.6,54.0,84.0,0.5,0.5,0.002168,0.001154,0.001301,0.108,115.0,149.0,0.476,0.484,0.000209,1.542e-05,0.0001254,0.848,0,30,724.2,779.5,1.985,0.06726,1.191,0.968,0.004273632,4.9463333333333335e-11
2023-05-23,13:44:52,p8-126,143,143,36.296307,-0.942661,-37,199074.71875,9895691,1753.7,3.2,none,832.4,23.7,96.4,B,0.6,81.0,111.0,1.1,1.3,0.006855,0.001465,0.004113,0.43,158.0,188.0,0.504,0.508,0.000356,3.72e-05,0.0002136,0.76,2,32,529.1,544.3,0.5065,0.008837,0.3039,0.991,0.007279487999999999,8.425333333333333e-11
2023-05-24,11:22:25,p1-127,144,144,36.298727,-0.94258,-37,199344.25,9895700,1746.6,3.2,none,833.0,28.4,88.2,B,0.6,166.0,196.0,0.7,0.9,0.01323,0.002282,0.007935,0.537,0.0,30.0,0.438,0.841,0.01666,0.001389,0.009996,0.832,10,40,579.1,615.6,1.306,0.04612,0.7834,0.965,0.34066367999999997,3.942866666666667e-09
2023-05-26,12:05:07,p3-129,146,146,36.303294,-0.942718,-37,199852.953125,9895685,1752.3,3.2,none,832.5,31.6,74.5,B,0.5,140.1,170.0,0.8,0.9,0.00484,0.0005182,0.00242,0.751,0.0,30.0,0.559,0.694,0.004974,0.0001759,0.002487,0.965,154,184,534.1,549.7,0.5255,0.01649,0.2628,0.972,0.08475695999999999,9.809833333333334e-10
2023-05-28,12:54:48,p5-131,148,148,36.307722,-0.942578,-37,200346.15625,9895701,1765.5,3.2,none,831.3,30.9,69.2,B,0.5,184.0,214.0,0.5,0.8,0.005847,0.001174,0.002923,0.461,0.0,32.0,0.518,0.581,0.001943,4.892e-05,0.0009713,0.981,4,36,403.8,438.1,1.117,0.02112,0.5585,0.989,0.033101904,3.831238888888889e-10
2023-05-29,13:19:05,p6-132a,149,149,36.309596,-0.942488,-37,200554.875,9895711,1785.2,3.2,none,829.4,31.8,94.0,B,0.5,194.0,224.0,0.9,0.9,0.003105,0.0006489,0.001552,0.441,106.0,152.0,0.687,0.698,0.0002639,1.069e-05,0.0001319,0.931,6,42,627.3,712.6,2.234,0.01898,1.117,0.997,0.004495152,5.202722222222221e-11
2023-06-01,14:07:25,p8-134,152,152,36.31373,-0.942568,-37,201015.34375,9895702,1835.4,3.2,none,824.8,30.3,67.9,B,0.5,75.1,117.0,0.3,0.4,0.002396,0.0004712,0.001198,0.387,165.0,198.0,0.44,0.449,0.0002338,1.336e-05,0.0001169,0.905,75,105,500.2,543.4,1.539,0.01917,0.7696,0.996,0.003983952,4.6110555555555554e-11
2023-06-03,08:01:19,domes,154,154,36.269134,-0.924574,-37,196046.46875,9897690,1976.3,3.2,none,811.8250559824,33.6132941757,46.5435857678,B,0.5,2.0,35.0,0.9922912827,1.1019093649,0.0012080644,0.0007393492,0.0006642779,0.1130769406,0.0,30.0,0.5240624676,0.5705946761,0.0006705236,-1.17739e-05,0.3045555565,0.6391442803,4,34,319.9853312471,330.8448299224,0.6634025193,0.016843215,0.4206617792,1.0,10.379253365519999,1.2013024728611108e-07
2023-06-04,08:37:12,domes,155,155,36.2718,-0.924399,-37,196343.40625,9897709,1976.8,3.2,none,811.761611795,34.54072217,33.1923910697,B,0.5,26.0,58.0,0.489806665,0.692070799,0.0043158176,0.0015896117,0.0018361077,0.1801365995,24.0,54.0,0.225560094,0.328204506,0.0040858636,0.0001231181,0.3463757491,0.7623790322,66,96,311.6932199698,325.8025785082,0.4394539992,0.0064578377,0.1760212336,0.848288985,11.804485529328,1.3662598992277777e-07
2023-06-05,08:50:43,domes,156,156,36.273593,-0.924567,-37,196543.140625,9897691,1969.1,3.2,none,812.1029320609,33.3599607321,44.9911918716,B,0.5,58.0,93.0,0.7989803026,0.9172743039,0.0022053562,0.0007043579,0.0011035897,0.2051398664,11.0,41.0,0.0115869344,0.3467071665,0.0113311564,0.0002790792,0.0382963392,0.9086817018,12,46,395.5768223875,430.584595998,1.3143962671,0.0226629156,0.754081932,0.9298306134,1.305139239936,1.510577824e-08
2023-06-06,09:18:52,domes,157,157,36.271764,-0.933632,-37,196340.1875,9896688,1950.7,3.2,none,813.9316292334,32.5012198483,35.2714974847,B,0.5,18.0,67.0,0.7046552714,0.7908809778,0.0024204682,0.0003649581,0.0012634726,0.4563715505,18.0,48.0,0.0232221343,0.2260636992,0.0067436224,9.96926e-05,0.1001652355,0.9973564572,51,81,284.2809998865,344.5709591832,2.3300356028,0.0219067873,1.1302617271,0.9776528845,3.41363122584,3.950962066944445e-08
2023-06-07,09:38:47,domes,158,158,36.269311,-0.933536,-37,196066.953125,9896698,1952.1,3.2,none,814.2341203416,32.971330571,34.5662046895,B,0.5,30.0,60.0,0.5036470355,0.6987185259,0.0048103398,0.0011755639,0.0026279313,0.4222395008,16.0,46.0,-0.0392178756,0.1510271777,0.0070914878,8.91315e-05,0.4262237689,1.0,56,86,311.2104898607,384.4770237728,2.9122574195,0.0194025304,1.4446515164,1.0,14.525706044112,1.681215977327778e-07
2023-06-11,07:16:09,domes,162,162,36.285372,-0.924437,-37,197855.15625,9897706,2108.9,3.2,none,799.3971627363,19.9120952754,0.8153240863,B,0.5533,0.1,30.0,0.8030316688,0.8785564875,0.00484096,0.0005439703,0.0025552848,0.7450134688,0.1,30.0,0.6016711325,0.6085259338,0.0006609609,9.58467e-05,0.4008663663,0.9125442495,23,54,357.2411286174,392.9136953365,1.0962394174,0.0440578398,0.6189891012,1.0,13.661525763503999,1.5811951115166664e-07
2023-06-17,09:17:33,domes,168,168,36.292185,-0.92488,-37,198614.0625,9897658,2061.0,3.2,none,804.2069719996,20.134255052,62.7046142971,B,0.5563,29.0,60.0,0.8045903491,0.8977597838,0.0007366209,0.000962336,0.0003034384,0.0327945534,5.0,35.0,-0.0715991383,0.3088109864,0.0149240897,0.0003362424,0.2389195783,1.0,57,87,351.5363613116,426.8467089278,2.7760394683,0.0251308237,1.6012384372,0.9793596516,8.142379228464,9.424050032944444e-08
2023-06-19,09:34:21,domes,170,170,36.294177,-0.924577,-37,198835.921875,9897692,2050.0,3.2,none,805.1041828656,20.0635331158,77.9124448123,B,0.557,81.0,111.0,0.7073541927,0.8263837865,0.0044105326,0.0005770582,0.0025494224,0.68435486,4.0,34.0,0.0875837324,0.4901264128,0.0173423945,0.0008176971,0.0187070826,1.0,66,96,418.2406702708,513.9094763993,3.4471430383,0.0280363092,1.8929934012,1.0,0.637537375008,7.378904803333333e-09
2023-06-20,09:52:07,domes,171,171,36.296466,-0.924875,-37,199090.90625,9897659,2051.2,3.2,none,805.8268815607,31.8408715368,69.8005530038,B,0.5,24.0,54.0,0.7915123162,0.8634403414,0.0035917225,0.0005510825,0.0018723075,0.5772531063,5.0,35.0,0.0606317982,0.4105411281,0.0132486688,0.0002843976,0.1886571984,0.633779007,113,143,489.0169262323,583.7739968035,3.5008093185,0.0355569699,1.8482476265,0.9812603104,6.429437321472,7.441478381333335e-08
2023-06-22,10:26:19,domes,173,173,36.300804,-0.924718,-37,199574.078125,9897677,1995.0,3.2,none,810.884043137,35.8455713018,35.6629767017,B,0.5,68.0,113.0,1.1137579049,1.1111091727,0.0003078969,-5.22639e-05,7.89515e-05,0.0069779114,24.0,54.0,-0.235277843,0.017121488,0.0079096847,6.12933e-05,0.2696758469,1.0,28,58,350.4850234428,454.7537910963,3.1302511957,0.0189745007,1.6076254822,1.0,9.190552862352,1.0637213961055556e-07
2023-06-29,07:51:40,domes,180,180,36.305288,-0.933059,-37,200074.234375,9896754,1988.6,3.2,none,810.365376578,32.6317000187,43.1653458505,B,0.5,70.0,100.0,0.400260813,0.4288573375,0.0007187479,0.0007242327,0.0004180488,0.0114225724,45.0,75.0,0.2747165791,0.3287385723,0.001178624,8.82639e-05,0.1260271225,0.8658357163,40,70,320.4881648515,395.4414981568,2.2850904237,0.0209588658,1.1090938661,0.8960564553,4.2950043348,4.9710698319444444e-08
2023-07-01,09:10:36,domes,182,182,36.297754,-0.930902,-37,199234.875,9896992,2025.7,3.2,none,807.8965958386,37.1288239789,30.6470812882,B,0.5,84.0,119.0,0.5039644884,0.7806264051,0.0039732135,0.0008325991,0.0017245893,0.3407847865,19.0,49.0,-0.2444540793,0.0442475301,0.0098978376,0.0001116144,0.7011473499,1.0,14,51,317.1787774875,320.8638837045,0.3220113158,0.0103089569,0.1972852835,1.0,23.895101684592,2.76563676905e-07
2023-07-04,07:11:41,domes,185,185,36.325811,-0.92454,-37,202359.4375,9897698,2010.3,3.2,none,808.6862485343,24.7268749974,56.8599955605,B,0.5,0.0,30.0,0.6889857472,0.7808831134,0.004426203,0.0012126799,0.0021623318,0.2977577922,4.0,34.0,0.3819823048,0.4977344386,0.004449302,0.000292999,0.265845314,0.7862483847,11,41,375.5522946832,398.483327731,0.5503345153,0.0217303992,0.3308291826,0.8113204591,9.06000830112,1.0486120718888889e-07
2023-07-06,09:29:04,domes,187,187,36.334611,-0.924397,-37,203339.59375,9897715,1971.2,3.2,none,812.2875075648,35.217205376,54.6087490476,B,0.5,88.0,124.0,0.5021283441,0.7937409647,0.0032821891,0.0010476717,0.0014511922,0.2171117717,3.0,33.0,0.2025696561,0.4187152863,0.0095389816,0.000516432,0.133353018,0.7798168334,13,50,326.6556454145,348.4248177069,0.3715580192,0.0115850487,0.1148681972,1.0,4.5446708534399995,5.26003571e-08
2023-07-08,07:22:54,domes,189,189,36.323459,-0.924165,-37,202097.4375,9897740,2011.8,3.2,none,808.7637515779,30.4363884086,87.282810885,B,0.5,43.0,86.0,0.5099167196,0.7900912638,0.0069544482,0.0016316639,0.0034529453,0.3465768537,0.1,30.0,0.4058925451,0.7686487571,0.0135472895,0.0012715043,0.6768147042,0.9637468195,10,40,353.6772179455,373.0321708305,0.5181551797,0.0370558792,0.1313089877,0.7817758636,23.065845119136,2.6696579999e-07
2023-07-09,07:34:10,domes,190,190,36.321351,-0.92473,-37,201862.6875,9897677,2009.5,3.2,none,808.7178388478,30.7853464032,75.7909033433,B,0.5,46.0,76.0,1.4025163304,1.5770140627,0.023315532,0.0039320716,0.0116744212,0.5571253002,0.0,30.0,0.2796149217,0.7476096234,0.0159667294,0.0019630535,0.1668892047,0.7390937423,14,45,305.4112224681,311.5671217814,0.392731628,0.0170688213,0.2298970279,1.0,5.687584096175999,6.582851963166666e-08
2023-07-12,09:28:33,domes,193,193,36.340905,-0.924569,-37,204040.640625,9897696,1987.2,3.2,none,810.8835810529,20.1328506947,0.0,B,0.5609,0.0,30.0,0.3054151032,0.7028652235,0.0072477853,0.0018766625,0.0042855583,0.3317955497,30.0,60.0,0.3888777329,0.4227444082,0.0011707749,1.9807e-05,0.4405174049,1.0,11,41,318.0341945578,321.7194487092,0.3367395898,0.0130159929,0.2097505517,0.9433417416,15.012833158992,1.737596430438889e-07
2023-07-14,07:31:46,domes,195,195,36.348092,-0.924665,-37,204841.140625,9897686,2033.8,3.2,none,806.4375358346,26.4055623756,58.5491865231,B,0.5,82.0,112.0,0.8261502505,0.9100514422,0.0040321711,0.0008842921,0.0021835907,0.450409221,3.0,33.0,0.4228487475,0.4687081487,0.0022007992,0.0001228577,0.2408315106,0.9076682412,11,41,410.0623777052,436.9294640219,0.5965903182,0.0444129709,0.3016047021,0.8964481009,8.207537881248,9.499465140333332e-08
2023-07-15,07:41:32,domes,196,196,36.349963,-0.924536,-37,205049.53125,9897701,2016.1,3.2,none,808.6243683626,26.337621385,58.9442093525,B,0.5,94.0,124.0,0.7807437929,0.9128456286,0.0045002126,0.0007461701,0.0021415806,0.6244447999,0.0,30.0,0.2588753339,0.46483576,0.0067853951,0.0005204663,0.2282393916,0.909502188,11,41,311.3801684774,328.4147365334,0.5551747737,0.0065616371,0.2499778959,0.8930166259,7.778398465728,9.002776002e-08
2023-07-16,08:00:00,domes,197,197,36.352645,-0.924567,-37,205348.25,9897698,1982.5,3.2,none,811.6966828912,29.7001324935,50.4678852336,B,0.5,102.0,132.0,0.8053414988,0.9269481328,0.0040172084,0.0008354283,0.0022324853,0.4184536291,30.0,60.0,0.3676482965,0.4154172232,0.0005032927,-1.56333e-05,0.2623203777,1.0,86,116,319.9688421612,377.4466992671,2.2180007478,0.0295724813,1.0739750751,1.0,8.939878472016,1.0347081564833333e-07
2023-07-17,08:34:17,domes,198,198,36.359339,-0.924582,-37,206093.828125,9897696,2094.7,3.2,none,800.8447968567,28.0996721625,48.2412773131,B,0.5,98.0,128.0,0.7993544804,0.9041887213,0.0045427298,0.0005612687,0.0021539717,0.7225183564,24.0,54.0,0.2010528167,0.304216325,0.0035516655,0.0001027099,0.2124473044,1.0,86,118,328.5398213531,339.9338551082,0.2300646789,0.0098586745,0.1030485645,1.0,7.240204133952,8.379865895777778e-08
2023-07-18,08:48:04,domes,199,199,36.357044,-0.924518,-37,205838.203125,9897703,2048.9,3.2,none,805.0754788412,28.4545484243,46.4617681101,B,0.5,14.0,52.0,0.8797395468,1.0022051241,0.0019727858,0.0006866325,0.0009878954,0.2260584312,20.0,50.0,0.1462140501,0.268459381,0.0030361157,3.34654e-05,0.2831591949,1.0,63,93,327.810832319,386.74626888,2.2688281608,0.0191550533,1.065629448,1.0,9.650065362192,1.1169057132166666e-07
2023-07-19,09:07:36,domes,200,200,36.354928,-0.924242,-37,205602.5,9897734,1991.7,3.2,none,810.7912309877,32.8564991167,45.325596337,B,0.5,27.0,57.0,0.4029507993,0.4648546165,0.0033313932,0.0005613611,0.0015787326,0.5231467805,19.0,49.0,0.194726893,0.2994333022,0.0040535674,9.98612e-05,0.5196723033,1.0,52,82,344.4098611022,411.0843830838,2.5294177135,0.0326147883,1.2963829086,1.0,17.710432096464,2.0498185296833335e-07
2023-07-21,10:25:35,domes,202,202,36.363942,-0.924601,-37,206606.515625,9897695,2021.3,3.2,none,807.4604949949,31.2493306696,38.511444768,B,0.5,36.0,70.0,0.7056531885,0.8111405011,0.002440299,0.0008236531,0.0011339377,0.2553457655,19.0,49.0,-0.1544121246,0.097511625,0.0094474779,0.000106667,0.4033938712,0.9847847787,126,156,310.0029657288,368.9752127952,2.0263662639,0.0727238768,1.0812996952,1.0,13.747663130495999,1.5911647141777777e-07
2023-07-23,07:41:31,domes,204,204,36.370243,-0.933852,-37,207309.078125,9896672,1912.3,3.2,none,817.8583485782,29.3151238097,54.1785428123,B,0.5,75.0,114.0,1.1141076101,1.2915007258,0.0029148204,0.0012478117,0.0018047089,0.153605286,3.0,33.0,0.3749801248,0.4754938669,0.0042723291,0.0004201019,0.1434487438,0.959078037,10,40,332.8537277569,334.2714617398,0.2304789421,0.0242003262,0.1194502298,0.7595349863,4.888733188704,5.658256005444445e-08
2023-07-25,08:27:33,domes,206,206,36.366465,-0.933765,-37,206888.28125,9896681,1916.2,3.2,none,817.4645362781,32.6296127428,39.8474566964,B,0.5,2.0,32.0,0.7340335032,0.7990081794,0.0035532407,0.0007379074,0.001881225,0.4858257754,26.0,56.0,0.0933644057,0.1725255864,0.0040607308,4.32972e-05,0.1136896609,0.7839116855,59,103,333.8667138106,347.7882141428,0.2804637484,0.0076996962,0.2275328163,1.0,3.8745436434719998,4.4844255132777774e-08
2023-07-27,09:20:21,domes,208,208,36.361786,-0.933552,-37,206367.125,9896704,1970.7,3.2,none,812.7351979353,34.2645248804,35.4444041923,B,0.5,0.0,30.0,0.7139022644,0.7944085181,0.0023007162,0.0009021862,0.0012710867,0.3071523232,20.0,50.0,-0.186210009,0.0774922205,0.0093070968,0.0001362338,0.2243937637,1.0,53,83,317.8436691337,383.6149949232,2.3719272637,0.0256265582,1.1371967182,0.9623314681,7.647339466896,8.851087345944444e-08
2023-08-02,09:14:24,domes,214,214,36.348105,-0.933891,-37,204843.359375,9896666,2046.0,3.2,none,805.4493892757,33.7394042862,90.1108168384,B,0.5,45.0,77.0,0.6888700169,1.3770848344,0.0180369144,0.0025325147,0.0090980235,0.6218065643,0.0,30.0,0.3324802178,0.7820267583,0.0138879866,0.0015907479,0.0372115704,0.7057673372,130,160,496.7758558661,590.732837081,3.470776175,0.0250176772,1.6864135643,1.0,1.268170319232,1.4677897213333332e-08
2023-08-05,10:58:39,domes,217,217,36.328734,-0.93316,-37,202685.734375,9896745,1948.1,3.2,none,814.7151942951,32.2076703786,85.0685703559,B,0.5,74.0,104.0,0.4132304125,0.4764712467,0.0034974352,0.0006428222,0.0015666264,0.4685697199,0.0,30.0,0.3847528763,0.7042125194,0.0120006758,0.0010522718,0.151338626,0.4396860699,11,53,349.4528048696,369.0120694069,0.5033111559,0.0106840643,0.1732861482,1.0,5.1576203740799995,5.969468025555555e-08
2023-08-08,08:21:56,domes,220,220,36.338062,-0.933507,-37,203724.734375,9896707,1926.1,3.2,none,816.8983515784,28.4364745072,71.8611974686,B,0.5,53.0,83.0,0.4188078582,0.4095746599,0.0021185597,0.0010802648,0.0009339433,0.1371170034,65.0,106.0,0.4786573476,0.4856963479,0.0006455195,2.49133e-05,0.1991580075,1.0,110,140,381.9035728076,452.9800829019,2.5905413427,0.0169534702,1.4549144006,0.863664039,6.7873048956,7.8556769625e-08
2023-08-09,08:33:32,domes,221,221,36.336087,-0.933612,-37,203504.765625,9896695,1881.6,3.2,none,820.4265572364,26.6455041835,72.0926628186,B,0.5,0.0,31.0,0.7115512254,0.9148117521,0.0050558268,0.0010029481,0.0026255196,0.4653604455,44.0,74.0,0.3825323076,0.4129288062,0.0019377237,5.93571e-05,0.4348558505,1.0,11,41,306.9611892692,365.7955679224,1.6826979545,0.0176694611,0.8986215621,1.0,14.819887385039998,1.7152647436388887e-07
2023-08-13,07:40:54,domes,225,225,36.287148,-0.933442,-37,198053.75,9896710,1913.2,3.2,none,817.3620585308,29.8325377539,90.6212848557,B,0.5,33.0,63.0,0.4982759976,0.8260517526,0.0132019118,0.0012045261,0.0067453707,0.7960499507,0.0,30.0,0.4447114464,0.7967263683,0.0150218001,0.0010932388,0.4103454397,1.0,11,41,380.9192549736,388.4923420593,0.5653681094,0.0317056022,0.2124674655,0.9757657594,13.984572584975998,1.6185847899277776e-07
2023-08-18,10:52:53,domes,230,230,36.322446,-0.933663,-37,201985.40625,9896689,1971.9,3.2,none,812.0504510367,34.1160636237,97.3933638098,B,0.5,38.0,70.0,1.0016039627,0.9752422159,0.0002067962,-3.61892e-05,0.0002155809,0.0071204699,0.0,30.0,0.3238424862,0.7578598849,0.0151625044,0.0016292376,0.1868463268,0.5304852199,0,30,450.7558808775,605.2154773213,4.4127442186,0.2791048349,2.1589763881,0.9458130569,6.367722817343999,7.37004955711111e-08
2023-08-19,11:08:37,domes,231,231,36.325379,-0.93378,-37,202312.09375,9896676,1970.1,3.2,none,813.0846329912,35.3898364067,96.82305784,B,0.5,57.0,87.0,0.819997712,0.8986290937,0.0040937687,0.0007104567,0.00204529,0.4807662076,0.0,30.0,0.3413652296,0.7149199476,0.0133388338,0.0019648729,0.1267376967,0.6385647257,32,62,356.564819422,443.7440482254,2.7613617872,0.0345165503,1.4700439333,0.8752596378,4.319220703536001,4.9990980365000004e-08
2023-08-26,09:20:43,domes,238,238,36.386271,-0.933433,-37,209094.203125,9896719,2029.1,3.2,none,806.6161814369,30.9391264758,86.6839186157,B,0.5,40.0,73.0,0.3045196623,0.5230738308,0.0039941481,0.0006152303,0.0021895718,0.6264259668,0.0,30.0,0.3044581058,0.5174511198,0.0081521851,0.000504708,0.4020900057,0.8986533851,87,117,439.7792786642,515.8516006606,3.038905293,0.0198079047,1.4334594247,0.8069741092,13.703227394255999,1.5860216891499996e-07
2023-08-29,08:05:01,domes,241,241,36.391457,-0.933182,-37,209671.78125,9896748,2097.7,3.2,none,801.2218009038,27.8841011091,92.1847671267,B,0.5,0.0,30.0,0.1251392432,0.4794533439,0.0136367794,0.0028181953,0.0066368244,0.4581801538,0.0,30.0,0.3111170239,0.6698981416,0.0126363362,0.0010973952,0.3061502631,1.0,15,50,295.3139915599,323.2913482089,0.216177943,0.0159441254,0.231847237,0.845132527,10.433600966448,1.2075927044499998e-07
2023-08-31,09:19:40,domes,243,243,36.389075,-0.94305,-37,209407.296875,9895656,1978.6,3.2,none,811.7813331879,34.8012643426,71.6845441051,B,0.5,35.0,65.0,0.4984478733,0.6984789651,0.0095937597,0.0010239826,0.0050229738,0.7536979929,0.0,30.0,0.244593183,0.5699965956,0.0110892881,0.0004105209,0.1423130842,0.9405357384,14,44,373.3265000749,388.6778293567,0.7997927768,0.0053423666,0.4460837803,1.0,4.8500299095359996,5.6134605434444445e-08
2023-09-04,08:34:05,domes,247,247,36.377247,-0.942776,-37,208089.90625,9895685,1916.5,3.2,none,817.2937898293,27.8235129587,72.8701978825,B,0.5,20.0,56.0,0.8134174236,0.8866960777,0.0026995733,0.0006044714,0.0011452322,0.3058682199,0.0,30.0,0.3219431892,0.465568245,0.0043601658,0.0003385601,0.193003427,0.6898328507,13,43,332.2444267228,348.4970723482,0.5309451014,0.0177079291,0.2834293958,1.0,6.57755679216,7.612912953888888e-08
2023-09-05,08:46:20,domes,248,248,36.375095,-0.942747,-37,207850.21875,9895688,1908.8,3.2,none,818.355224876,25.5947787997,71.2604219331,B,0.6,109.0,142.0,0.6976908945,0.7871776255,0.0026751072,0.0007418723,0.0016048076,0.3059696915,0.0,30.0,0.3751670786,0.4601412158,0.0025943998,0.0001489859,0.2453778668,1.0,119,149,391.4465339387,463.319366239,2.3658676064,0.016681405,1.500390523,0.9737494798,8.362477700544,9.678793634888889e-08
2023-09-07,09:20:54,domes,250,250,36.369608,-0.942537,-37,207239.078125,9895711,1888.6,3.2,none,819.7310549918,29.5949652238,51.315772739,B,0.5,90.0,120.0,0.390162533,0.4929548207,0.0020590974,0.0005747521,0.0009943551,0.3453906573,28.0,58.0,0.3780023874,0.3959066358,0.0006081531,2.46108e-05,0.3055209134,0.7489745745,115,145,374.580187228,444.4555798197,2.2675268332,0.0103568433,1.1500696242,1.0,10.412152728671998,1.205110269522222e-07
2023-09-08,09:32:49,domes,251,251,36.368309,-0.94264,-37,207094.40625,9895699,1863.6,3.2,none,822.2871544127,31.2381117536,51.1100870857,B,0.5,41.0,71.0,0.7980547504,0.9067212629,0.0019527785,0.000747973,0.0009208356,0.1839215265,9.0,39.0,0.2254517936,0.3772827038,0.0055091812,0.0001502989,0.4597836781,1.0,94,124,434.7253242207,523.3525778869,3.1069875546,0.0211840619,1.6371358727,0.982272646,15.669427749648,1.8135911747277777e-07
2023-09-09,09:49:06,domes,252,252,36.366051,-0.942677,-37,206842.90625,9895695,1891.3,3.2,none,819.4505645095,31.2001039385,50.8723715943,B,0.5,0.0,30.0,0.2795543318,0.3604747113,0.0034241474,0.0005592816,0.0017155227,0.5250257236,23.0,53.0,0.1397741549,0.3035810513,0.0049663655,7.24119e-05,0.2325521766,0.6928993838,13,49,333.8996029899,351.5648553701,0.6821733859,0.0024326555,0.2244092929,1.0,7.925378178528,9.172891410333333e-08
2023-09-11,08:02:04,p1-155,254,254,36.358161,-0.940153,-37,205963.921875,9895973,1888.0,3.2,none,820.1604409651,25.5962082381,,B,0.5565,82.0,120.0,0.6962773413,0.9003867164,0.0026330837,0.0005453427,0.0015252372,0.3187163189,1.0,31.0,0.4292805086,0.5544017764,0.0057815059,0.0003967692,0.2220963284,0.7980828885,47,81,335.419356449,348.785001482,0.3971784773,0.000761492,0.0745479704,0.9877639765,7.569042871871999,8.760466286888887e-08
2023-09-15,10:03:54,p5-151,258,258,36.349457,-0.939863,-37,204994.453125,9896005,1949.8,3.2,none,813.5657961985,30.3018847779,90.3443388619,B,0.5,23.0,53.0,0.3962240767,0.4926112053,0.0016644051,0.0005486395,0.0008192873,0.1803457355,1.0,31.0,0.3542829318,0.6149044249,0.0117804523,0.0008113017,0.0130838013,0.7168314411,76,106,536.2351619335,554.1630935673,0.369208763,0.0198041445,0.1123337826,0.8432701529,0.445895948304,5.160832735e-09
2023-09-17,10:45:18,p7-149,260,260,36.344898,-0.939735,-37,204486.65625,9896019,1905.9,3.2,none,818.7712219679,29.381795519,88.4229832755,B,0.5,0.0,33.0,0.7142668711,0.7882151311,0.0002542547,0.0004041917,0.0001409209,0.0,66.0,96.0,0.5594255344,0.5471432847,-0.0003845259,-3.4754e-06,0.2538006617,0.6210908406,18,48,498.4368225199,530.9514895471,0.7228096038,0.0230487944,0.4197396139,0.8861858694,8.649526550735999,1.0011026100388888e-07
2023-09-18,11:14:34,p1-148,261,261,36.342741,-0.939835,-37,204246.421875,9896007,1885.3,3.2,none,819.7584166822,25.2627681542,76.6774458119,B,0.6,0.1,30.0,0.898193844,0.9260122508,0.0021745333,0.0009278452,0.0013568734,0.2023973284,3.0,33.0,0.4012255982,0.5187760506,0.0050003074,0.000417421,0.1650456582,0.9822481057,47,78,374.3215739814,374.1485099202,0.4483205988,0.0179408176,0.1337509622,1.0,5.624756031456,6.510134295666666e-08
2023-09-21,12:25:28,p4-145,264,264,36.336168,-0.940014,-37,203514.328125,9895987,1819.8,3.2,none,826.0935578263,24.7534205496,75.4190360761,B,0.6,72.0,102.0,0.7070482779,0.8114628807,0.0043288431,0.0007157402,0.0024689659,0.5753192649,0.0,30.0,0.4893154865,0.5144120711,0.0004426358,5.16849e-05,0.6194212616,0.4735155325,5,35,411.5750250038,416.4299248047,0.4403657073,0.0130974258,0.3311828778,0.9557370345,21.109876595328,2.4432727540888894e-07
2023-09-25,10:58:35,p1-141,268,268,36.326905,-0.939855,-37,202482.578125,9896004,1901.4,3.2,none,818.6723036622,27.114610534,59.8223545447,B,0.5,4.0,34.0,1.285783488,1.4035677942,0.0045316002,0.0008772079,0.0022783487,0.4523958835,5.0,35.0,0.476867882,0.4987994742,0.0005501665,-2.79865e-05,0.3069291739,0.7992408419,0,30,408.8332060879,431.3025678066,0.5238413343,0.0027866567,0.1550617851,1.0,10.460146246512,1.2106650748277778e-07
2023-09-28,12:51:39,p4-45,271,271,36.368306,-0.924537,-37,207092.5625,9897702,2003.6,3.2,none,809.4794677523,28.6983722533,64.4493640379,B,0.5,33.0,63.0,0.5010755626,0.7127841567,0.0036564901,0.0011589635,0.0018740233,0.2298496727,9.0,39.0,0.3671994949,0.3933808509,0.0009052274,1.34636e-05,0.3971799971,1.0,40,70,409.4157305468,481.2681079413,2.6721977852,0.0399066407,1.3119748883,1.0,13.535894301168,1.5666544330055556e-07
2023-09-30,13:23:55,p6-47,273,273,36.372558,-0.924389,-37,207566.140625,9897719,1990.7,3.2,none,810.7128763744,33.7123357194,44.9217484645,B,0.5,26.0,56.0,0.6953085164,0.7894612689,0.0025378769,0.0005923926,0.0017303846,0.4052058418,0.0,30.0,0.4304224377,0.4527240906,0.0008679118,3.82631e-05,0.2033585669,0.9103673494,109,143,423.348094011,433.4831433742,0.2318101459,-0.0090861025,0.0991396928,0.8728690769,6.930459959952,8.021365694388889e-08
2023-10-05,12:38:11,p4-53,278,278,36.38637,-0.924926,-37,209104.53125,9897661,2091.4,3.2,none,801.2927552546,29.1636727714,42.7242601761,B,0.5,70.0,100.0,0.3687681398,0.5154416403,0.0031898048,0.0008908889,0.0013210741,0.2826716199,14.0,44.0,0.4519248108,0.4730111855,0.0007825564,-5.1214e-06,0.0306064387,1.0,70,117,409.4649825732,413.9462631082,0.2300562938,0.0055494785,0.1744952679,1.0,1.043067430896,1.2072539709444444e-08
2023-10-08,13:41:49,p7-50,281,281,36.379641,-0.925701,-37,208355.140625,9897574,2015.8,3.2,none,807.8908771255,25.708730455,50.2956243431,B,0.5,73.1,110.0,0.190133381,0.3100187087,0.0027875909,0.0005330143,0.0012489346,0.3830609303,0.0,30.0,0.4630313809,0.4782912361,0.0010746211,2.60176e-05,0.2517024075,0.8878757657,4,43,381.288069413,400.40342646,0.3600745751,0.0078273013,0.1974079644,0.8057996087,8.5780180476,9.928261629166666e-08
2023-10-09,14:23:42,p8-49,282,282,36.377368,-0.924824,-37,208101.90625,9897671,2024.0,3.2,none,807.7512078729,30.0205758069,42.8320791571,B,0.5,107.0,137.0,0.8965437049,0.8993233844,-3.02573e-05,1.80831e-05,0.000164723,0.0071318006,0.0,30.0,0.4198704285,0.4702448449,0.0014048433,5.40718e-05,0.4039809725,1.0,43,73,387.219567339,394.0318790757,0.4828772238,0.0145833122,0.2081521078,0.9278459137,13.767671542799999,1.5934805026388885e-07
2023-10-12,12:57:40,p3-116,285,285,36.274409,-0.94267,-37,196635.59375,9895688,1824.9,3.2,none,826.2221470003,35.4082975608,52.456396786,B,0.5,138.0,168.0,0.4989528674,0.492225364,0.0069788742,0.0013349286,0.0033378877,0.4711053696,0.0,30.0,0.2122583246,0.4219256237,0.0084909464,0.0001660462,0.0977301081,1.0,60,90,443.1253368819,471.1117591145,0.8142678848,0.0072205178,0.4117940578,0.9074437874,3.3306420840479998,3.8549098194999996e-08
2023-10-18,12:21:41,p4-122,291,291,36.287358,-0.943037,-37,198077.953125,9895648,1785.4,3.2,none,829.1783377496,20.1575235413,96.1216556798,B,0.6,190.0,222.0,0.4683055855,0.6634953484,0.0062804754,0.00142679,0.0035338145,0.3997054117,150.0,180.0,0.4689324889,0.4979372646,0.0001785068,3.47709e-05,0.0524276225,0.308820224,0,32,652.5918842554,687.9371083651,1.2277895737,0.0373182186,0.5897903239,1.0,1.7867333747999998,2.0679784430555554e-08
2023-10-19,12:47:33,p5-123,292,292,36.2898,-0.942585,-37,198349.921875,9895699,1792.5,3.2,none,828.6045848837,21.2565660077,96.5566706188,B,0.6,78.0,108.0,0.1939926126,0.2901911864,0.0042571286,0.0005331241,0.0025963774,0.6112561409,80.0,116.0,0.5839705725,0.5994824046,0.000607136,-8.8111e-06,0.1326880926,0.7250977172,114,144,824.038437747,847.7371453877,0.9210950589,0.0083312634,0.51952072,1.0,4.522010195808,5.233808097e-08
2023-10-21,13:25:30,p7-125,294,294,36.294387,-0.942734,-37,198860.859375,9895682,1775.9,3.2,none,830.6308008758,22.4081617589,97.2097610217,B,0.6,54.0,84.0,0.4973023858,0.5055781525,0.0019098073,0.0011586153,0.0009567772,0.1067678433,115.0,149.0,0.4572010359,0.4961067546,0.0004668287,3.142e-05,0.5626692217,0.5962789522,0,30,733.2799350581,784.8539493575,1.9692738629,0.0751238868,1.1237927673,0.8690949542,19.175767075535997,2.219417485594444e-07
2023-10-22,13:44:52,p8-126,295,295,36.296307,-0.942661,-37,199074.71875,9895691,1753.7,3.2,none,832.1979851789,23.5958609572,95.3941171095,B,0.6,81.0,111.0,1.1173194356,1.2955442123,0.006934302,0.0014341076,0.0039034832,0.4317804164,158.0,188.0,0.4819521604,0.5073109956,-9.78044e-05,0.0001053343,0.3372809042,0.7880535269,2,32,535.6666797718,539.4392685179,0.5426303749,0.0102206375,0.3199391965,1.0,11.494533215136,1.3303857887888889e-07
2023-10-23,11:22:25,p1-127,296,296,36.298727,-0.94258,-37,199344.25,9895700,1746.6,3.2,none,833.243142885,28.4568405916,86.6244844858,B,0.6,166.0,196.0,0.6864052897,0.897887751,0.0132510057,0.0022207839,0.008212538,0.5469971831,0.0,30.0,0.4449422793,0.8417231646,0.0165896205,0.0013563632,0.0386521529,0.9003745493,10,40,572.6473601615,617.5193089521,1.2956784168,0.0329089077,0.731131687,0.9153857227,1.317265370832,1.524612697722222e-08
2023-10-25,12:05:07,p3-129,298,298,36.303294,-0.942718,-37,199852.953125,9895685,1752.3,3.2,none,831.8793593277,31.5235125015,74.6812907551,B,0.5,140.1,170.0,0.8063611499,0.8912244474,0.0048477481,0.0003834227,0.0023442481,0.7539898624,0.0,30.0,0.5476743862,0.6945921316,0.0051222061,0.0001641556,0.0655329886,0.7096139415,154,184,533.0263726029,553.2047157627,0.5359355237,0.012428417,0.2764211267,1.0,2.2333642514879997,2.5849123281111106e-08
2023-11-05,09:18:52,domes,309,309,36.271764,-0.933632,-37,196340.1875,9896688,1950.7,3.2,none,814.2491566921,32.4265454066,33.7219388593,B,0.5,18.0,67.0,0.7168047244,0.8247243457,0.002251433,0.0003621917,0.0010478961,0.4687316743,18.0,48.0,0.0346720958,0.2494875207,0.0069377024,7.65799e-05,0.089214224,1.0,51,81,284.3793124718,347.6862349666,2.416595755,0.0292736828,1.1233364297,1.0,3.04042075392,3.519005502222222e-08
2023-11-09,10:42:00,domes,313,313,36.278178,-0.933136,-37,197054.578125,9896743,1948.1,3.2,none,814.9962826786,20.1390046899,0.0,B,0.5634,0.0,30.0,-0.0145338742,0.321172603,0.0052669731,0.0014492041,0.0030562727,0.369486285,22.0,52.0,-0.2811720856,0.0296247278,0.0113777412,0.0001623119,0.1649218353,1.0,11,41,322.2143398302,380.4487124998,1.9882237815,0.0124490464,1.1448336723,0.8774770063,5.6205361470240005,6.505250170166667e-08
2023-11-11,07:29:15,domes,315,315,36.282844,-0.924888,-37,197573.609375,9897656,2130.6,3.2,none,798.295189817,20.0418491285,54.4777298173,B,0.552,38.0,87.0,1.0156600739,1.4902924953,0.009141378,0.0006457325,0.0052461579,0.8159167883,3.0,33.0,0.2188176101,0.4389405948,0.0090274668,0.0004792058,0.7345402942,0.5563361124,21,54,316.8272256892,334.3525727492,0.5102054184,0.0096296485,0.2280542956,1.0,25.033133226336,2.8973533826777774e-07
2023-11-13,08:00:39,domes,317,317,36.277886,-0.925248,-37,197021.390625,9897616,1998.1,3.2,none,810.0388189083,29.3503592471,64.3129121144,B,0.5,19.0,49.0,0.8035764945,0.8238326291,-0.00070657,0.0009556518,-0.0003495095,0.0358753087,0.0,30.0,0.3720214241,0.4570170471,0.0038806574,0.0001566809,0.2137622491,0.6164320881,0,30,391.3054847925,430.8811822029,0.9456742133,0.0187073541,0.4765646865,1.0,7.2850174493279996,8.431733158944444e-08
2023-11-15,09:04:32,domes,319,319,36.290242,-0.924683,-37,198397.625,9897679,2080.4,3.2,none,801.9562883497,31.718924955,67.0256004208,B,0.5,12.0,42.0,0.793563389,0.8962362139,0.0021564381,0.0005621193,0.001095014,0.3300077126,7.0,37.0,0.0687329764,0.3591042976,0.0111442944,0.0001183073,0.4320661371,1.0,89,119,360.1297597037,431.6491415358,2.957980163,0.0322955407,1.4296062479,0.9351966966,14.724813952368,1.7042608741166666e-07
2023-11-17,09:17:33,domes,321,321,36.292185,-0.92488,-37,198614.0625,9897658,2061.0,3.2,none,804.1797503869,20.0984815861,62.4919922994,B,0.5563,29.0,60.0,0.8172874079,0.884907663,0.0010999526,0.0008354414,0.0004476338,0.0221343882,5.0,35.0,-0.0691725815,0.3252604118,0.0149643549,0.0002330957,0.1940290575,0.3256048936,57,87,346.5820542665,441.3569546722,2.732323274,0.0216911735,1.5299753005,1.0,6.6125102795999995,7.653368379166667e-08
2023-11-18,09:34:21,domes,322,322,36.294177,-0.924577,-37,198835.921875,9897692,2050.0,3.2,none,804.5919927541,19.7930302048,80.125611674,B,0.557,81.0,111.0,0.7263059452,0.7982195876,0.004156254,0.0006688189,0.0026534899,0.6914761171,4.0,34.0,0.0756331964,0.4895078036,0.0172568163,0.0008555433,0.5462945657,1.0,66,96,405.1015618368,516.3057701943,3.3248169474,0.0381077596,1.929092227,0.8636597851,18.617718799056,2.1548285647055555e-07
2023-11-21,10:26:19,domes,325,325,36.300804,-0.924718,-37,199574.078125,9897677,1995.0,3.2,none,810.4005314398,35.9535138835,34.4915130691,B,0.5,68.0,113.0,1.1178313392,1.1197342489,-0.0002189781,5.45502e-05,3.86839e-05,0.0,24.0,54.0,-0.2244997779,0.021780994,0.0092658242,7.05534e-05,0.2935636106,0.7881964855,28,58,346.0476002957,451.6142719333,3.1322805066,0.027894748,1.6130671622,1.0,10.004647849248,1.1579453529222223e-07
2023-11-23,11:06:47,domes,327,327,36.305538,-0.924376,-37,200101.34375,9897715,1953.8,3.2,none,814.1470244525,35.6829891411,38.1540212184,B,0.5,76.0,106.0,0.2951978679,0.4063700434,0.0031981642,0.0006530965,0.0015558126,0.4747963713,0.0,30.0,0.2355860249,0.2946485651,0.00128503,5.98246e-05,0.0964429692,0.9534339203,80,111,428.9680968219,442.7238732523,0.6671272525,0.0159341361,0.3470199693,0.8899582623,3.286776390336,3.8041393406666665e-08
2023-11-24,11:21:33,domes,328,328,36.307688,-0.924525,-37,200340.84375,9897698,1941.1,3.2,none,815.1495796035,20.0716877504,37.2068341724,B,0.5638,50.0,80.0,0.770454488,0.9027625866,0.0027157465,0.0006234989,0.0011662122,0.2934613879,22.0,52.0,-0.2873983544,0.0509736464,0.0122928256,0.0002860756,0.2255314707,0.9502924942,29,59,357.2599425554,458.4125864613,3.2899913111,0.0262148758,1.871824537,0.9892402431,7.686112521455999,8.895963566499999e-08
2023-11-25,11:38:28,domes,329,329,36.310461,-0.924501,-37,200649.703125,9897701,1927.2,3.2,none,816.324189774,34.0144101811,50.6569629846,B,0.5,91.0,121.0,0.8168751427,0.8985589217,0.0041831391,0.0006095849,0.0022385644,0.6381038865,16.0,46.0,-0.2830464634,0.1174616346,0.0162642181,0.0003126779,0.4794229865,0.9487543985,77,107,404.0715287299,510.6214037036,3.6639852837,0.0409320123,1.8449858903,0.9592035994,16.33873537992,1.8910573356388888e-07
2023-11-27,07:34:58,domes,331,331,36.307628,-0.932958,-37,200334.875,9896765,2002.1,3.2,none,810.2660880076,33.3642783957,66.6987631463,B,0.5,41.0,77.0,0.8140979059,1.1293175453,0.0083084975,0.0004659431,0.0042674156,0.8758418341,0.0,30.0,0.3537288329,0.6857392366,0.011512118,0.0011735903,0.3232933632,0.537302662,101,131,393.1112025101,413.7331591695,0.367630124,0.0098947847,0.1295857512,0.9478836165,11.017837817856,1.2752127104000002e-07
2023-11-28,07:51:40,domes,332,332,36.305288,-0.933059,-37,200074.234375,9896754,1988.6,3.2,none,810.5769890328,32.7346120001,42.8195969287,B,0.5,70.0,100.0,0.4073815704,0.4055372105,0.0006830079,0.000682199,0.0003017124,0.0116471886,45.0,75.0,0.274057793,0.3353440367,0.0011801012,2.89613e-05,0.1225543704,1.0,40,70,314.8708617806,378.4241292158,2.1421064755,0.0199562833,1.2610559382,1.0,4.176652943232,4.834089054666667e-08
2023-12-04,08:33:49,domes,338,338,36.330347,-0.924716,-37,202864.6875,9897679,1948.6,3.2,none,814.2765657705,29.4565888602,54.3041995878,B,0.5,50.0,80.0,1.0234160039,1.1024079475,0.0048210937,0.0005145003,0.0023161553,0.6697653422,46.0,76.0,0.4279714111,0.446577588,0.0007404957,4.58816e-05,0.0900478435,0.5524173529,10,40,291.080054307,308.1327839371,0.4948696052,0.0163721885,0.1875132698,0.8973135169,3.06883050648,3.551887160277777e-08
2023-12-05,09:29:04,domes,339,339,36.334611,-0.924397,-37,203339.59375,9897715,1971.2,3.2,none,812.4780160065,34.5676516312,54.3456518353,B,0.5,88.0,124.0,0.5020256383,0.8146247878,0.0034508701,0.0010625543,0.0015559421,0.2134210489,3.0,33.0,0.1894681963,0.4270551955,0.0100621419,0.0005401614,0.1635916098,1.0,13,50,327.810204615,346.5530116643,0.5475593301,0.0022310205,0.3163976682,0.9473709371,5.575202061984,6.452780164333333e-08
2023-12-07,07:22:54,domes,341,341,36.323459,-0.924165,-37,202097.4375,9897740,2011.8,3.2,none,808.753516471,30.1678193814,88.2639926996,B,0.5,43.0,86.0,0.5095091995,0.8263027531,0.0071266591,0.0015342103,0.0034709148,0.3415600379,0.1,30.0,0.4284064908,0.7556204957,0.0128441078,0.0012665123,0.1467106983,1.0,10,40,353.4979043617,355.6715250566,0.4260956666,0.0390755782,0.2593609689,0.9203633148,4.9999005980639994,5.786921988499999e-08
2023-12-08,07:34:10,domes,342,342,36.321351,-0.92473,-37,201862.6875,9897677,2009.5,3.2,none,808.7070592311,30.5481991498,75.6905797097,B,0.5,46.0,76.0,1.3881861744,1.6375959281,0.0233583453,0.0038675499,0.0115396412,0.5493872435,0.0,30.0,0.2672386005,0.7542116865,0.0160518253,0.0019949158,0.7071740754,0.6970801231,14,45,307.9951707443,315.4067116636,0.4887398373,0.0119303592,0.1175039733,1.0,24.100492489632,2.7894088529666664e-07
2023-12-10,08:45:05,domes,344,344,36.343356,-0.924054,-37,204313.59375,9897754,1990.7,3.2,none,810.0392938358,35.4072230188,75.1192608249,B,0.5,43.0,77.0,0.3106359241,0.8644527129,0.008914402,0.0020644578,0.0044171398,0.3478343555,0.0,30.0,0.3521581834,0.7023315484,0.0127896513,0.0014336177,0.1812002304,0.3704106554,84,115,349.3791951957,346.4675961535,0.4510254304,0.0046748252,0.2848745485,0.9947146963,6.175303852031999,7.147342421333332e-08
2023-12-13,07:31:46,domes,347,347,36.348092,-0.924665,-37,204841.140625,9897686,2033.8,3.2,none,806.6646758218,25.9992541217,58.0964642218,B,0.5,82.0,112.0,0.8207053871,0.9077225874,0.0043294154,0.0008394625,0.0021422992,0.4468411387,3.0,33.0,0.4060362282,0.4611975731,0.0014841019,5.37715e-05,0.0709293332,1.0,11,41,403.1203153387,436.0534622483,0.6889268362,0.036979931,0.2320918601,0.8756178922,2.417271675456,2.797768142888889e-08
2023-12-14,07:41:32,domes,348,348,36.349963,-0.924536,-37,205049.53125,9897701,2016.1,3.2,none,808.0519737745,26.322273791,58.5542991864,B,0.5,94.0,124.0,0.7715734599,0.8933151937,0.0042862458,0.0006633215,0.0020966505,0.6340670561,0.0,30.0,0.2339592445,0.4621625665,0.0067426042,0.0005403711,0.0329235615,1.0,11,41,311.6871262675,320.9901830643,0.5782347744,0.0128841748,0.2553596576,1.0,1.12203497592,1.2986515924999997e-08
2023-12-16,08:34:17,domes,350,350,36.359339,-0.924582,-37,206093.828125,9897696,2094.7,3.2,none,801.1194387577,28.0279165508,48.4670182048,B,0.5,98.0,128.0,0.785275847,0.8895402855,0.0045661096,0.0005940776,0.0023218912,0.7150284304,24.0,54.0,0.1893689251,0.2841582736,0.0040345507,6.18434e-05,0.6142672611,0.9175226531,86,118,325.2118889488,338.4475356371,0.3015550943,0.0041816506,0.084914269,0.9772920321,20.934228258287998,2.42294308545e-07
2023-12-19,09:51:42,domes,353,353,36.360934,-0.924939,-37,206271.515625,9897657,2050.5,3.2,none,804.9861850451,36.6547980755,38.6152095936,B,0.5,30.0,68.0,0.3880151454,0.4899316977,0.0023822951,0.0006217706,0.0015153339,0.3112793159,15.0,45.0,-0.0238035895,0.1793663198,0.0075032675,0.0001257359,0.4786085496,0.3493459578,13,44,294.5966437684,313.8519731328,0.3606482456,0.0006482772,-0.0388133976,1.0,16.310979370368,1.8878448345333334e-07
2023-12-22,07:41:31,domes,356,356,36.370243,-0.933852,-37,207309.078125,9896672,1912.3,3.2,none,817.5041915818,29.437549812,55.4240017007,B,0.5,75.0,114.0,1.0781487149,1.3028280864,0.0037590777,0.001297702,0.0016253808,0.1550894533,3.0,33.0,0.3814289567,0.4811034752,0.0040169604,0.0003569175,0.3851485219,0.623216064,10,40,334.9021986745,332.3732955887,0.188681302,0.0324683537,0.1063772756,0.8551080225,13.125861626351998,1.5191969474944443e-07
2023-12-24,08:27:33,domes,358,358,36.366465,-0.933765,-37,206888.28125,9896681,1916.2,3.2,none,817.0413885342,32.6400107556,39.0643158149,B,0.5,2.0,32.0,0.7026294383,0.8259774122,0.0036442414,0.0007085482,0.0017044796,0.4682160087,26.0,56.0,0.0835964117,0.1961129148,0.0030125118,4.6426e-05,0.0484600947,0.722798589,59,103,330.0817597621,343.467103757,0.1683140921,-0.0019675513,0.1722331835,0.8291737449,1.6515200273759998,1.9114815131666663e-08
2023-12-25,08:49:31,domes,359,359,36.36418,-0.933243,-37,206633.734375,9896739,1944.0,3.2,none,814.2696035094,35.8759679334,38.5968493595,B,0.5,48.0,79.0,0.1972114939,0.2920029381,0.0038959793,0.0005829458,0.0019999312,0.5255278853,19.0,49.0,0.0502807718,0.199098289,0.0046870637,0.0001606707,0.0596704486,0.8937219985,12,42,325.0967293584,397.8839355064,2.6231241057,0.0218542651,1.2246770239,1.0,2.033568888288,2.3536676947777776e-08
2023-12-27,09:46:37,domes,361,361,36.359335,-0.933672,-37,206094.140625,9896691,1995.6,3.2,none,809.5748134192,19.8148650849,0.0,B,0.5604,0.0,34.0,0.4711661531,0.7008175284,0.0047339671,0.0015603897,0.0027305172,0.2077195588,22.0,52.0,-0.2903823471,0.0117467399,0.0110361529,0.0001712216,0.1197661433,0.7762534031,14,49,296.6373182352,310.5661239897,0.2032362475,0.0259477076,0.1041679674,0.933887401,4.081630163664,4.724108985722222e-08
2023-12-28,10:01:37,domes,362,362,36.357123,-0.93364,-37,205847.765625,9896694,1994.7,3.2,none,809.9767756303,24.9439549924,44.5413389661,B,0.5,104.0,134.0,0.7922677895,0.8812007822,0.0045464467,0.0006647631,0.002332343,0.63736428,17.0,47.0,-0.0704554284,0.1639642604,0.0089954725,0.0001310872,0.0697907675,0.8181036619,11,41,333.9284470272,367.91104345,1.3431181145,0.0206076879,0.5978653463,1.0,2.3784693564,2.752858051388889e-08
2023-12-30,08:19:16,domes,364,364,36.352186,-0.933492,-37,205297.875,9896710,2009.4,3.2,none,808.678149992,27.1879761248,48.6923244309,B,0.5,86.0,116.0,0.3646262726,0.5034506099,0.0040479836,0.0009333945,0.0017316426,0.3816869429,1.0,31.0,0.2314229842,0.8177501746,0.0211698079,0.0016370419,0.3605996816,0.6240985348,13,43,402.5136371622,453.4123164238,1.3588695464,0.0180996806,0.6781682667,0.7823401712,12.289237148927999,1.4223654107555553e-07
